b_1;b_2;b_3;q1_1;q1_2;q1_3;q1_7;q1_10;q1_5a;q1_5b;q2_6a_1;q2_6a_2;q2_6a_3;q2_6a_4;q2_6a_5;q2_6a_6;q2_6a_7;q2_6a_8;q2_6a_9;q2_6a_10;q2_6a_11;q2_6_9;q2_6_11;q2_6_12;q2_6_13;q2_6_14;q2_6_15;q2_6_16;q2_6_18;q2_6_26;q2_6_30;q2_7_1;q2_7_2;q2_7_3;q2_7_4;q2_7_5;q2_7_6;q2_7_7;q2_7_10;q9_2a;q9_6a_1;q9_6a_2;q9_6a_3;q9_6a_4;q9_6a_5;q9_6a_6;q9_6a_7;q9_6a_8;q9_6a_9;q9_6a_10;q9_6a_11;q9_6a_12;q9_6a_13;q9_6a_14;q9_6a_15;q9_6a_16;q9_6a_17;q9_6a_18;q9_6a_19;q9_10a;q2_8;q2_9_1;q2_9_2;q6_1_1;q6_1_2;q6_1_3;q6_1_4;q6_1_5;q6_1_6;q6_2_1;q6_2_2;q6_2_3;q6_2_4;q6_2_5;q6_2_6;q6_2_7;q7_2_1;q7_2_2;q7_2_3;q7_2_4;q7_2_5;q7_2_6;q7_2_7;q7_2_8;q7_2_15;q7_2_16;q7_2_17;q7_2_18;q7_2_19;q7_2_9;q7_3_1;q7_3_2;q7_3_3;q7_3_4;q7_3_5;q7_3_6;q7_3_7;q7_3_8;q7_3_9;q7_3_10;q7_3_12;q7_3_11;q7_3_11_1;q6_5;q8_1_1;q8_1_2;q8_1_3;q8_1_4;q8_1_5;q8_1_6;q8_1_7;q8_1_9;q8_4c_1;q8_4c_2;q8_4c_3;q8_4c_4;q8_4c_5;q8_4c_6;q8_10_1;q8_10_2;q8_10_3;q8_11_1;q8_11_2;q8_11_3;q8_11_4;q8_11_5;q8_11_6;q8_8;q8_9_1;q8_9_2;q8_9_3;q8_9_4;q8_9_5;q8_9_6;q8_9_7;q8_9_8;q8_9_9;q8_9_10;q8_9_11;q8_9_12;q8_9_13;q8_9_14;q8_9_15;q8_9_16;q8_9_17;q8_9_18;q8_9_19;q8_9_20;q8_6_1;q8_6_2;q8_6_3;q8_6_4;q8_6_5;q8_6_6;q8_6_7;q3_1_1;q3_1_2;q3_1_4;q3_1_3;q3_5_1;q3_5_9;q3_5_2;q3_5_3;q3_5_7;q3_4_1;q3_4_2;q3_4_4;q3_4_3;q5_2;q5_3_1;q5_3_2;q5_3_3;q5_3_4;q5_3_5;q5_3_6;q5_3_7;q4_1_2;q4_1_3;q4_1_6;q4_1_12;q4_3_4;q4_3_7;q4_5_2;q4_5_11;q4_5_12;q4_5_6;q4_6_2;q4_6_14;q4_6_15;q4_6_16;q4_6_5;q5_1_8;q5_1_9;q5_1_13;q5_1_15;q5_1_16;q5_4
743;205;4;19;1;Österreichische Volkspartei;1;1;1;1996;1;0;0;0;0;0;0;0;0;0;0;1;3;3;3;3;1;3;3;3;2;1;0;0;0;0;0;0;;3;4;4;4;5;5;5;5;5;4;5;5;4;4;4;2;2;4;;;4;1;;;5;4;4;4;4;4;5;5;5;5;5;5;5;1;1;1;1;1;1;1;1;1;2;1;1;1;2;2;2;2;2;1;2;1;2;1;2;2;;;4;2;2;3;3;2;2;3;3;2;3;2;3;2;2;2;2;2;1;1;1;0;1;1;9;0;0;0;1;0;0;0;0;1;0;0;0;0;0;0;0;0;0;0;0;4;4;4;5;3;3;5;8;7;6;7;4;3;3;4;3;9;9;8;9;4;9;7;5;6;4;7;8;4;4;4;4;4;4;2;3;2;3;3;2;4;4;3;3;2;2;4;2;1
744;201;4;19;1;Österreichische Volkspartei;1;1;6;1999;1;0;0;0;0;0;0;0;0;0;0;3;3;3;3;3;1;1;1;3;3;0;1;1;0;0;0;0;;5;1;5;5;5;3;5;5;4;4;4;4;4;5;4;1;1;5;;;1;3;;;5;5;5;5;5;5;5;5;3;5;3;5;5;1;2;5;2;1;2;3;3;2;2;2;2;2;3;4;4;4;4;4;4;3;4;3;2;4;;;3;2;3;3;3;2;3;2;2;2;4;3;3;2;3;2;1;5;;;;;;;6;1;0;1;0;0;1;0;0;0;1;0;0;0;0;0;0;0;0;0;0;4;3;4;4;1;1;4;6;6;6;6;2;3;3;3;3;11;6;6;7;;11;10;10;10;1;10;10;3;2;2;2;4;2;2;4;2;;3;2;3;3;3;3;3;3;3;2;
745;743;4;19;1;Österreichische Volkspartei;1;1;4;2011;0;0;0;0;0;0;0;0;0;0;1;3;3;3;3;3;3;3;2;3;2;0;0;0;0;0;0;1;;3;1;4;1;1;4;4;4;4;4;1;1;4;4;4;1;1;1;;;6;3;;;5;5;4;4;4;4;4;5;5;5;4;4;3;1;3;2;2;1;1;2;3;1;2;3;2;3;3;5;5;5;3;4;5;4;5;3;4;5;;Sozialverbände und NGOs;4;2;4;4;4;2;2;3;2;1;3;3;3;2;3;3;3;3;0;1;0;0;0;1;7;0;0;0;0;0;0;1;0;0;0;0;0;0;0;0;0;1;0;0;1;2;5;3;4;4;3;5;7;7;7;7;2;3;1;2;1;11;9;8;11;2;8;6;4;6;6;4;6;2;2;2;2;3;4;1;3;4;1;1;1;3;2;2;1;1;3;3;1;1
746;744;4;19;1;Österreichische Volkspartei;2;1;7;2014;0;0;0;0;0;0;0;0;0;0;1;1;3;3;3;3;3;3;3;3;3;0;0;0;0;0;1;0;;5;5;3;3;3;5;3;4;4;4;1;1;4;4;4;4;4;5;;;5;3;;;5;5;5;5;4;5;5;5;5;5;5;5;5;1;3;1;1;1;1;1;2;1;2;2;2;2;3;1;1;1;1;1;5;1;1;1;1;1;;;4;3;5;5;4;2;3;3;2;1;4;2;5;1;4;;1;;;;;;;;11;0;0;0;0;0;0;0;0;0;0;1;0;0;0;0;0;0;0;0;0;5;5;5;5;;;;6;6;6;6;;1;;2;;;;;;3;9;7;7;9;4;10;;2;1;1;3;;;1;;;1;;;;;;1;1;;1;;1
747;745;4;19;4;Die Grünen - Die Grüne Alternative;2;1;7;2009;0;0;0;0;0;0;0;0;0;0;0;;;;;;;;;;;;;;;;;;;;;;;;;;;;;;;;;;;;;;;;;;;;;;;;;;;;;;;;;;;;;;;;;;;;;;;;;;;;;;;;;;;;;;;;;;;;;;;;;;;;;;;;;;;;;;;;;;;;;;;;;;;;;;;;;;;;;;;;;;;;;;;;;;;;;;;;;;;;;;;;;;;;;;;;;;;;;;;;
748;746;4;19;13;Freiheitliche Partei Österreichs;2;1;7;2014;0;0;0;0;0;0;0;0;0;0;1;1;3;3;3;3;3;3;3;3;3;0;1;0;0;0;0;0;;3;;;;;;;;;;;;;;;;;;;;6;1;;;;;;;;;;;;;;;;;;;;;;;;;;;;;;;;;;;;;;;;;;;;;;;;;;;;;;;;;;;;;;;;;;;;;;;;;;;;;;;;;;;;;;;;;;;;;;;;;;;;;;;;;;;;;;;;;;;;;;;;;;;;;;;;;;;;;;;;
749;747;4;1;5;Nieuw-Vlaamse Alliantie;2;1;1;2015;0;0;0;0;0;1;0;0;0;0;0;;;;;;;;;;;1;0;0;0;0;0;0;;3;3;4;1;3;2;3;4;3;4;3;1;4;3;3;1;1;4;;;11;1;;;5;4;4;3;4;4;2;3;3;3;5;4;1;1;1;1;2;2;1;4;3;2;2;2;3;5;5;2;3;4;4;2;4;2;3;2;2;3;;;5;4;4;4;2;1;1;3;2;3;4;3;4;4;4;2;2;3;0;0;0;0;1;0;10;0;0;0;0;0;0;0;0;0;1;0;0;0;0;0;0;0;0;0;0;5;4;4;3;2;2;1;8;8;8;4;3;2;2;4;2;7;7;7;10;2;8;5;5;6;6;6;7;3;3;2;2;4;3;;;;;3;2;2;3;2;2;2;3;1;4;3
750;748;4;1;1;Christen-Democratisch & Vlaams;1;1;11;2014;0;0;0;0;0;0;0;0;0;0;1;;;;;;;;;;;0;1;1;0;1;1;0;;;;;;;;;;;;;;;;;;;;;;;;;;;;;;;;;;;;;;;;;;;;;;;;;;;;;;;;;;;;;;;;;;;;;;;;;;;;;;;;;;;;;;;;;;;;;;;;;;;;;;;;;;;;;;;;;;;;;;;;;;;;;;;;;;;;;;;;;;;;;;;;;;;;;;;;;;;;;;;
751;749;4;1;3;Open Vlaamse Liberalen en Democraten;2;1;1;2015;1;0;0;0;0;0;0;0;0;0;0;3;3;3;3;3;3;3;3;1;3;1;1;0;0;0;0;0;;2;3;3;3;3;3;3;3;3;3;3;3;3;3;3;3;1;3;;;7;1;;;3;4;4;5;4;2;3;4;4;4;4;3;4;1;1;2;1;1;1;2;3;1;1;2;2;2;3;2;2;1;3;2;2;2;2;2;3;1;;;5;2;5;5;5;3;3;4;4;4;3;3;3;4;3;3;2;3;;;;;;;1;1;0;0;0;0;0;0;0;0;0;0;0;0;0;0;0;0;0;0;0;5;3;4;4;3;3;1;7;7;8;7;3;1;1;4;3;9;9;8;10;5;8;7;6;8;8;8;9;3;2;3;3;4;4;2;4;3;3;2;2;2;2;4;2;2;2;2;2;1
752;750;4;1;3;Mouvement Réformateur;2;1;7;1999;0;0;0;0;0;0;0;0;0;0;1;2;3;3;3;3;3;3;3;3;3;0;0;0;0;0;0;0;Ecrivain;4;3;4;3;3;4;4;4;4;4;3;3;4;4;3;3;3;4;;;6;3;;;4;4;4;5;4;5;4;4;4;4;4;4;4;1;2;3;2;1;1;2;3;1;2;2;2;2;3;1;1;2;2;1;1;2;2;1;2;1;;;5;2;3;4;4;2;2;3;3;4;4;2;4;5;4;3;2;2;0;1;1;0;1;1;8;0;0;0;0;0;0;0;1;0;0;0;0;0;0;0;0;0;0;0;0;3;4;4;4;3;3;5;8;8;8;8;2;3;1;4;2;8;8;8;8;4;8;6;7;8;8;6;6;2;1;1;2;2;4;2;4;3;1;2;2;2;2;3;2;2;2;2;2;2
753;751;4;1;3;Open Vlaamse Liberalen en Democraten;1;1;9;2011;0;0;0;0;0;0;0;0;0;0;1;1;3;3;2;3;3;3;2;3;3;0;0;0;0;0;0;0;Privé;;;;;;;;;;;;;;;;;;;;;;;;;;;;;;;;;;;;;;;;;;;;;;;;;;;;;;;;;;;;;;;;;;;;;;;;;;;;;;;;;;;;;;;;;;;;;;;;;;;;;;;;;;;;;;;;;;;;;;;;;;;;;;;;;;;;;;;;;;;;;;;;;;;;;;;;;;;;;;
754;218;4;1;1;Christen-Democratisch & Vlaams;1;1;10;2014;0;0;0;0;0;0;0;0;0;0;1;3;3;3;3;3;3;3;2;3;3;1;0;0;1;1;0;1;;2;3;4;1;3;4;3;4;4;4;3;3;3;3;3;3;3;3;3;;9;3;;;;;;;;;;;;;;;;;;;;;;;;;;;;;;;;;;;;;;;;;;;;;;;;;;;;;;;;;;;;;;;;;;;;;;;;;;;;;;;;;;;;;;;;;;;;;;;;;;;;;;;;;;;;;;;;;;;;;;;;;;;;;;;;;;;;;;;;
755;219;4;1;4;Groen;1;1;7;1999;0;0;0;0;1;0;0;0;0;0;0;3;3;3;3;3;2;3;3;3;3;0;0;0;0;0;0;1;;4;3;5;3;3;3;5;5;4;4;2;2;4;4;4;4;1;4;1;;7;1;;;5;5;5;5;5;2;3;3;5;4;5;5;4;1;1;1;1;1;1;2;2;1;1;1;6;2;2;2;2;2;2;2;2;2;3;3;3;2;6;;5;1;2;2;1;1;1;1;3;5;5;5;5;2;5;5;1;3;0;0;1;0;0;1;8;0;0;0;0;1;0;0;0;0;0;0;0;0;0;0;0;0;0;0;0;5;5;5;5;1;1;5;1;2;2;3;1;2;2;1;3;8;8;8;9;5;9;8;7;7;7;8;6;2;2;2;2;1;2;2;4;2;4;2;5;1;1;4;2;1;1;1;1;4
756;752;4;2;5;VMRO;1;1;7;2014;0;0;0;0;0;0;0;0;0;0;1;1;3;3;2;3;2;3;3;3;3;0;0;0;0;1;0;0;;;5;4;1;4;3;4;4;2;1;2;3;5;;2;3;4;1;;;10;3;;;5;5;4;4;3;1;1;3;5;;4;2;;1;2;3;1;1;2;1;2;1;1;1;1;2;3;3;2;5;3;3;3;4;3;3;5;2;;;4;3;5;;2;1;4;3;2;4;5;1;4;2;2;1;3;2;0;1;0;0;0;0;1;0;0;0;0;0;0;0;0;0;0;0;0;0;0;1;0;0;0;0;0;4;4;3;4;3;3;;10;10;10;9;2;5;2;2;1;1;1;1;1;2;11;8;6;6;7;5;11;4;4;1;3;5;4;1;2;4;3;3;4;3;2;2;4;4;2;2;2;3
757;753;4;2;3;Movement for Rights and Freedoms;2;2;7;2014;1;1;0;0;0;0;0;0;0;0;0;3;3;3;3;2;3;3;3;3;3;0;0;0;0;0;0;1;;2;3;4;3;5;5;5;4;4;3;2;2;2;1;3;1;1;1;;;9;3;;;5;5;4;4;4;2;4;5;5;5;5;5;4;1;3;3;2;2;2;1;2;2;2;3;3;4;2;4;2;5;3;3;3;2;3;3;4;4;;;3;2;5;4;2;2;3;2;2;4;3;4;4;2;2;1;2;2;0;0;0;0;1;0;12;0;0;0;0;0;0;0;0;0;0;0;1;0;0;0;0;0;0;0;0;1;5;5;5;5;1;1;7;6;6;6;2;2;3;4;4;9;9;11;7;2;11;6;6;7;2;2;5;2;1;1;1;2;4;2;4;4;4;4;2;4;4;2;2;2;2;4;2;1
758;479;4;2;1;Citizens for European Development of Bulgaria;1;1;6;2007;0;0;0;0;0;0;0;0;0;0;1;;;;;;;;;;;0;0;0;0;0;0;1;;2;2;4;1;4;4;4;5;4;1;2;2;4;5;1;1;4;1;1;;8;2;3;;5;3;4;5;4;3;3;5;5;5;5;5;1;1;2;3;2;2;2;3;3;2;2;2;2;2;4;4;4;5;5;4;3;3;5;5;5;4;6;;4;2;3;3;1;1;2;3;3;2;2;2;4;1;1;2;1;4;0;0;1;0;1;1;9;0;0;0;0;0;0;0;0;1;0;0;0;0;0;0;0;0;0;0;0;1;3;5;3;1;1;4;8;8;8;9;1;4;2;4;3;8;8;7;8;3;8;6;1;6;7;1;5;3;2;2;2;4;3;1;2;2;1;3;2;4;4;2;1;1;2;1;2;1
759;476;4;2;1;Citizens for European Development of Bulgaria;1;1;8;2009;0;0;0;0;0;0;1;0;0;0;0;3;3;3;1;1;3;2;1;3;3;0;0;0;0;0;0;1;;3;1;4;1;3;4;4;4;1;3;2;3;4;3;3;1;4;1;1;;8;3;;;5;4;5;3;4;3;4;5;5;5;5;4;3;1;1;2;1;2;2;2;3;1;2;2;2;2;3;3;2;4;3;2;3;3;3;3;3;2;;;4;2;5;2;3;2;3;4;2;4;4;3;4;1;4;2;2;3;0;1;0;0;0;0;1;1;0;0;0;0;0;0;0;0;0;0;0;0;0;0;0;0;0;0;0;4;5;3;4;1;1;3;8;8;8;8;2;3;3;3;4;9;8;8;8;2;6;4;2;5;3;5;8;3;2;2;2;4;4;2;3;2;2;4;2;3;2;3;1;2;3;3;2;1
760;754;4;2;1;Citizens for European Development of Bulgaria;2;1;7;2014;0;0;0;0;0;1;0;0;0;0;0;3;3;3;3;2;3;3;2;2;2;1;0;0;0;0;0;0;;5;1;4;1;5;4;5;5;3;4;2;3;3;5;5;2;1;5;;;10;3;;;5;5;5;5;5;5;4;5;4;4;3;3;4;1;1;1;1;1;1;1;1;1;1;1;1;1;1;2;3;2;2;1;2;3;3;3;2;2;;;4;3;3;3;3;2;4;4;4;2;2;2;2;2;2;2;1;1;0;1;1;0;0;0;6;0;0;0;0;0;0;0;0;0;1;0;0;0;0;0;0;0;0;0;0;2;5;4;4;2;3;2;;;;;;;;;;;;;;;;;;;;;;;;;;;;;;;;;;;;;;;;;;
761;755;4;2;1;Citizens for European Development of Bulgaria;1;1;5;2014;1;0;0;0;0;0;0;0;0;0;0;1;3;3;3;3;3;3;3;3;3;0;0;0;0;0;0;0;По професия съм юрист и това е нещото, с което винаги ще се занимавам.;2;1;4;1;5;5;5;5;1;1;1;2;3;4;3;4;4;1;;;11;3;;;5;5;5;5;4;4;5;5;5;5;5;5;3;1;2;5;1;1;1;2;2;1;1;1;2;3;3;3;3;4;3;2;3;3;3;3;3;2;;;4;3;5;4;4;1;3;1;2;2;4;4;4;1;2;1;1;2;;;;;;;16;0;0;0;0;0;0;0;0;0;0;0;0;0;0;0;1;0;0;0;0;5;5;5;5;1;1;1;8;8;8;8;2;3;2;4;2;8;8;8;8;2;10;6;6;8;8;6;8;2;2;2;2;4;4;1;4;2;1;4;3;4;4;3;1;1;3;1;2;1
762;756;4;2;2;Bulgarian Socialist Party;2;3;6;2007;1;0;0;0;0;0;0;0;0;0;0;3;3;3;3;2;3;3;1;3;3;1;0;0;0;0;0;1;;4;1;3;2;4;4;5;4;1;1;1;1;2;2;3;1;3;1;;;8;3;;;5;3;4;5;5;4;5;5;4;3;4;4;4;1;2;2;2;2;2;3;5;3;3;3;4;3;5;2;2;2;2;4;4;3;3;3;3;2;;;4;2;1;1;1;1;2;3;1;4;3;2;4;2;3;2;1;2;;;;;;;17;0;0;0;0;0;0;0;0;0;0;0;0;0;0;0;0;1;0;0;0;4;3;4;5;2;2;2;3;3;2;4;1;2;1;1;4;9;9;8;10;2;10;6;6;10;9;2;7;1;1;2;1;4;3;1;5;1;1;2;3;2;2;2;1;1;1;1;1;1
763;757;4;2;2;Bulgarian Socialist Party;1;1;5;2014;0;0;0;0;1;0;0;0;0;0;0;;;;;;;;;;;;;;;;;;;3;;3;;;3;3;3;3;;;;;;3;;3;;;;6;3;;;;;;;;;;;;;;;;;;;;;;;;;;;;;;;;;;;;;;;;;;;;;;;;;;;;;;;;;;;;;;;;;;;;;;;;;;;;;;;;;;;;;;;;;;;;;;;;;;;;;;;;;;;;;;;;;;;;;;;;;;;;;;;;;;;;;;;;
764;758;4;28;5;Hrvatska stranka prava dr. Ante Starčević;2;1;7;2013;1;0;0;0;0;0;0;0;0;0;0;1;3;3;2;3;3;3;2;3;3;0;0;0;0;0;0;1;;5;3;4;2;2;2;2;4;3;1;2;3;2;4;2;1;1;5;;;1;3;;;3;3;5;5;4;5;2;5;5;5;5;4;2;1;2;6;4;2;2;2;2;1;1;4;2;2;3;3;4;5;4;3;2;3;4;4;5;3;;;3;3;4;4;4;1;2;2;4;4;5;3;4;2;5;1;2;2;;;;;;;14;0;0;0;0;0;0;0;0;0;0;0;1;0;1;0;0;0;0;0;0;2;5;3;5;2;3;1;8;8;8;8;4;4;1;4;2;2;2;2;2;3;10;7;6;10;6;1;10;5;3;3;4;3;4;5;1;3;1;3;3;3;3;4;3;3;3;1;2;2
765;759;4;28;3;Istarski demokratski sabor - Dieta democratica istriana;1;1;7;2014;1;1;0;0;0;0;0;0;0;0;0;1;3;3;3;3;2;3;1;3;3;1;0;0;0;0;0;0;;4;2;4;4;4;4;5;5;4;3;3;3;5;4;4;1;3;3;;;5;1;;;3;3;5;5;4;5;3;5;5;5;4;4;4;1;1;2;1;1;1;1;2;1;1;2;2;2;3;3;2;3;3;3;1;1;2;2;3;2;;;5;2;5;5;3;2;1;3;2;5;3;2;5;2;4;2;2;3;0;1;0;0;1;1;12;0;0;0;0;0;0;0;0;0;0;0;1;0;0;0;0;0;0;0;0;5;5;5;5;1;1;1;4;4;4;7;2;2;1;2;4;11;11;9;11;5;10;8;6;7;4;1;7;3;2;1;1;2;4;1;4;2;1;4;2;4;5;2;1;1;1;5;1;1
766;760;4;28;1;Hrvatska demokratska zajednica;1;1;7;2013;1;1;0;1;0;0;0;0;0;0;0;3;3;3;3;1;2;3;3;3;1;;;;;;;;;4;2;2;1;3;3;5;5;1;1;1;5;1;4;1;1;1;3;1;;8;3;;;5;4;5;5;4;4;4;5;5;5;4;4;4;1;1;1;1;2;1;1;;1;2;1;4;2;;;;;;;;;;;;;;;4;2;5;5;4;3;1;5;3;2;3;2;4;1;3;2;2;1;1;1;1;1;1;1;1;1;0;0;0;0;0;0;0;0;0;0;0;0;0;0;0;0;0;0;0;5;4;5;5;3;3;1;8;8;8;7;3;4;3;4;4;9;8;8;10;2;9;7;5;6;6;7;8;2;3;3;2;4;3;2;4;2;2;4;2;2;3;4;2;2;1;3;2;3
767;761;4;28;1;Hrvatska demokratska zajednica;2;1;7;2013;0;0;0;0;0;0;0;0;0;0;0;;;;;;;;;;;0;0;0;0;0;0;0;Poduzetnik;4;3;4;4;4;4;4;4;4;;;;4;;4;4;;4;;;6;3;;;5;5;5;5;4;4;5;5;5;5;5;5;5;1;1;4;1;1;2;2;2;1;1;2;4;;4;3;3;3;3;3;3;3;3;3;3;3;;;5;5;5;5;5;1;1;1;3;3;3;3;3;3;3;1;1;3;;;;;;;6;0;0;0;0;0;1;0;0;0;0;0;0;0;0;0;0;0;0;0;0;5;5;5;5;5;5;5;8;8;8;8;5;5;3;1;3;11;11;11;11;5;11;6;6;6;6;6;6;3;3;3;3;;;;;;;;;;;;;;;;;
768;762;4;28;1;Hrvatska seljačka stranka;2;1;5;2015;1;0;0;0;0;0;0;0;0;0;0;1;3;3;3;3;3;3;2;3;3;0;0;0;0;1;1;0;;5;4;3;3;3;3;4;4;2;3;2;5;4;3;3;3;3;3;;;4;1;;;5;3;5;3;;2;3;5;5;5;5;3;3;1;3;2;1;2;2;2;3;1;2;3;6;6;6;3;2;5;4;4;1;4;6;4;6;1;;;4;1;5;4;5;3;2;3;3;2;2;1;5;1;3;1;2;1;1;1;1;0;0;0;13;0;0;0;0;0;0;0;0;0;0;0;0;1;0;0;0;0;0;1;0;5;5;3;5;1;5;1;6;6;6;6;1;5;2;1;4;9;8;7;6;3;11;6;9;9;9;4;4;1;4;3;3;3;3;2;2;3;3;3;3;1;1;3;1;1;1;1;1;1
769;763;4;12;1;Democratic Party;1;1;5;2014;1;0;0;0;0;0;0;0;0;0;1;3;3;3;3;3;3;3;2;3;3;1;0;0;0;0;0;0;;3;;;;;;;5;;;;;;;;;5;;;;11;1;;;5;5;5;5;1;1;2;5;5;4;5;5;5;1;1;6;1;1;1;5;5;;1;1;1;1;5;2;4;2;2;2;2;2;6;2;5;5;;;;2;3;3;3;1;1;1;1;4;3;4;3;2;2;2;1;4;0;1;0;0;0;0;;0;0;0;0;0;1;0;0;1;0;0;0;0;0;0;0;0;0;1;0;5;1;5;5;3;1;1;9;9;10;9;1;3;1;1;2;11;11;10;11;3;9;6;6;10;4;6;6;3;3;4;3;4;4;1;1;1;1;4;3;3;3;2;1;1;4;2;3;2
770;764;4;12;2;Movement for Social Democracy EDEK;1;1;5;2014;0;0;0;0;0;0;0;0;0;0;0;1;3;3;2;3;3;3;2;3;3;0;0;0;1;1;0;0;;3;1;2;4;1;3;5;5;2;1;1;1;2;3;1;3;4;4;;;8;3;;;2;2;4;4;2;4;5;5;5;5;5;5;5;1;2;3;2;2;1;3;3;1;1;1;4;4;5;4;3;4;3;4;4;4;4;4;4;4;;;4;2;5;2;1;1;2;1;2;2;3;2;4;3;4;2;2;3;;;;;;;1;1;0;0;0;0;0;0;0;0;0;0;1;0;0;0;0;0;0;0;1;4;5;2;5;1;3;1;4;5;6;5;2;2;3;3;3;5;5;5;6;3;9;11;7;11;6;11;1;1;1;1;4;3;3;3;4;2;3;3;3;3;3;2;3;3;2;2;2;
771;765;4;3;6;Komunistická strana Čech a Moravy;2;1;5;2004;1;0;0;1;0;0;0;0;0;0;0;2;3;3;2;3;2;3;2;3;3;0;0;0;0;0;0;1;;3;5;4;1;4;3;5;4;3;2;3;4;3;5;1;3;1;4;;;8;3;;;5;3;4;3;3;3;3;5;4;3;5;3;2;1;2;2;1;3;1;2;3;1;1;2;2;2;1;2;1;2;2;3;3;2;3;3;4;2;;;4;3;1;3;2;2;4;3;2;1;2;3;4;3;4;1;1;2;0;1;1;0;0;0;8;0;0;0;0;0;0;0;1;0;0;0;0;0;0;0;0;0;0;0;0;5;3;3;4;2;4;5;3;2;3;3;1;2;2;2;3;5;3;3;5;5;11;8;4;6;9;1;3;2;3;2;4;3;4;2;2;3;1;2;5;1;1;2;1;1;1;3;2;
772;766;4;3;5;Občanská demokratická strana;1;1;5;2009;0;0;0;0;0;0;0;0;0;0;1;1;3;3;3;1;3;3;2;3;3;1;0;0;0;0;0;0;;1;5;5;1;4;3;5;5;3;1;3;5;5;5;5;5;1;4;4;;11;1;;;5;3;5;2;2;4;2;5;5;3;4;4;1;1;1;3;1;1;1;2;2;1;1;2;3;3;3;3;3;4;4;2;3;2;2;2;2;5;;;4;1;5;5;1;1;2;3;3;3;5;2;5;3;5;2;3;3;0;1;0;0;0;0;9;0;0;0;0;0;0;0;0;1;0;0;0;0;0;0;0;0;0;0;0;5;1;5;5;1;1;4;11;11;11;11;5;4;3;4;2;1;1;1;1;5;6;4;3;6;9;5;6;5;5;3;4;2;2;3;2;5;4;4;2;3;3;3;4;4;2;1;5;3
773;767;4;3;3;ANO 2011;1;1;7;2014;0;0;1;0;0;0;0;0;1;1;0;3;3;3;2;3;3;3;3;3;3;0;0;0;0;0;0;0;V tuto chvíli zatím nic neplánuji, jsem 2. místopředsedou frakce a prozatím se soustředím na to.;2;4;3;1;3;2;3;4;2;2;2;3;3;1;1;1;1;4;4;Vtipná tématická kampaň na webových portálech;10;3;;;4;3;5;5;3;2;4;5;5;3;4;4;3;1;1;3;1;1;2;1;2;1;2;2;2;2;2;3;3;3;3;3;3;3;2;3;3;2;;;4;1;4;2;2;2;4;5;3;4;4;3;4;1;4;2;2;2;1;1;1;0;1;1;11;0;0;0;0;0;0;0;0;1;0;1;0;0;0;0;0;0;0;0;0;4;4;3;5;1;1;1;9;8;7;6;3;2;2;3;3;7;5;5;7;3;6;7;3;6;9;3;7;3;3;3;3;5;4;4;2;2;2;4;1;2;4;4;2;4;4;2;2;1
774;768;4;3;3;ANO 2011;2;1;7;2014;0;0;0;0;0;0;1;0;1;0;0;3;3;3;3;3;2;3;3;3;3;1;0;0;0;0;0;0;;2;4;4;1;4;4;5;5;4;2;1;4;4;3;1;1;1;3;;;11;3;;;5;4;4;4;5;3;3;5;4;3;5;4;1;1;1;1;2;2;2;2;2;2;2;3;3;3;3;3;4;3;4;4;5;2;5;2;5;3;;;4;3;5;2;1;1;4;3;3;4;4;2;4;2;4;2;2;2;1;1;1;0;0;0;3;0;0;0;0;0;0;0;0;0;1;0;0;0;0;0;0;0;0;0;0;5;5;5;4;1;3;1;;;;;;;;;;;;;;;;;;;;;;;;;;;;;;;;;;;;;;;;;;
775;769;4;3;3;ANO 2011;2;1;6;2014;0;0;0;0;0;0;0;0;0;0;1;;;;;;;;;;;0;0;0;0;1;0;0;;4;;;4;;;3;;;4;;;;;;;;;;;9;3;;;;;;;;;;;;;3;4;;;;;3;4;;;;;;;;;;6;6;5;6;6;4;6;6;6;6;6;6;;4;3;3;3;3;3;3;3;3;3;3;3;3;3;3;4;4;4;0;0;1;0;0;0;15;0;0;1;0;0;0;0;0;0;0;0;1;0;0;0;0;0;0;0;0;4;4;4;4;4;4;4;9;9;9;9;3;3;3;3;3;8;8;8;8;3;8;8;8;8;8;8;8;4;4;4;4;4;4;4;4;4;4;4;4;4;4;4;3;3;3;3;3;2
776;770;4;3;1;TOP 09 a Starostové;1;1;5;2014;1;0;1;0;0;0;0;0;0;0;1;3;3;3;2;3;3;3;3;3;3;0;0;0;0;0;0;0;Zatím nevím;2;4;3;2;4;3;4;2;3;3;1;1;3;1;4;3;1;4;;;7;3;;;5;4;3;4;4;1;4;4;4;4;4;3;3;1;1;1;1;1;2;2;3;1;1;1;3;3;2;3;3;5;3;2;5;3;3;3;3;3;;;4;3;1;4;5;1;3;2;2;4;3;4;4;4;4;4;2;3;;;;;;;6;0;0;0;0;0;1;0;0;0;0;0;0;0;0;0;0;0;0;0;0;4;4;5;4;2;3;1;8;9;8;10;2;3;3;3;3;9;7;8;8;2;11;7;2;6;3;6;10;4;2;3;2;5;4;4;4;1;1;3;1;2;3;5;5;2;3;3;2;1
777;771;4;3;1;Křesťanská a demokratická unie - Československá strana lidová;2;1;7;2014;1;0;0;0;0;0;0;0;0;0;0;3;3;3;3;2;3;3;1;3;3;1;1;0;1;0;0;0;členka Vlády ČR;;;;;;;;;;;;;;;;;;;;;;;;;;;;;;;;;;;;;;;;;;;;;;;;;;;;;;;;;;;;;;;;;;;;;;;;;;;;;;;;;;;;;;;;;;;;;;;;;;;;;;;;;;;;;;;;;;;;;;;;;;;;;;;;;;;;;;;;;;;;;;;;;;;;;;;;;;;;;;
778;772;4;3;1;Křesťanská a demokratická unie - Československá strana lidová;1;1;6;2014;0;0;0;0;0;0;0;0;0;0;1;3;3;3;3;3;3;3;3;3;1;1;0;0;0;0;1;0;;4;5;3;2;5;5;5;5;5;2;3;3;5;5;3;5;2;5;;;1;1;;;5;5;5;4;3;5;5;5;3;4;3;4;4;1;1;2;1;2;1;3;3;1;1;2;2;2;2;4;5;4;5;4;6;5;4;4;6;3;;;4;1;5;4;2;1;2;3;2;4;4;2;4;2;4;4;1;2;0;1;1;1;1;1;4;0;0;0;1;1;0;0;0;0;0;0;0;0;0;0;0;1;0;0;0;4;4;1;5;4;1;1;8;9;9;8;2;4;2;2;2;8;8;7;9;2;11;7;7;10;8;5;6;2;2;2;2;4;4;1;2;1;2;2;2;4;4;4;2;2;2;1;2;1
779;773;4;3;2;Česká strana sociálně demokratická;1;1;7;2014;0;0;0;0;0;0;0;0;0;0;1;;;;;;;;;;;0;0;0;0;0;0;1;;;;;;;;;;;;;;;;;;;;;;;;;;;;;;;;;;;;;;;;;;;;;;;;;;;;;;;;;;;;;;;;;;;;;;;;;;;;;;;;;;;;;;;;;;;;;;;;;;;;;;;;;;;;;;;;;;;;;;;;;;;;;;;;;;;;;;;;;;;;;;;;;;;;;;;;;;;;;;;
780;774;4;3;2;Česká strana sociálně demokratická;1;1;5;2014;0;0;0;0;0;0;0;0;0;0;1;1;3;3;3;3;3;3;2;3;3;1;0;0;0;0;0;0;;2;4;2;1;4;3;5;5;4;2;3;4;3;5;2;4;1;5;;;6;1;;;5;3;5;3;4;5;4;5;5;5;5;5;5;1;1;5;2;1;2;2;2;1;1;1;3;3;3;2;3;3;3;2;2;2;5;2;5;3;;;2;2;3;1;2;1;1;1;2;4;2;3;4;1;4;2;2;3;0;1;0;0;0;0;9;0;0;0;0;0;0;0;0;1;0;0;0;0;0;0;0;0;0;0;0;4;5;4;4;4;4;2;4;4;4;4;2;2;3;2;3;6;6;6;6;3;8;8;3;5;7;5;10;3;3;2;3;5;2;4;2;3;2;4;2;2;4;4;2;2;2;2;3;3
781;775;4;4;6;Folkebevægelsen mod EU;2;1;2;2014;0;0;0;0;0;0;0;0;0;0;1;3;3;3;3;3;3;3;3;3;1;0;0;0;0;0;0;0;Tilbage på arbejdsmarkedet, som akademisk ansat i en forening.;3;1;3;1;2;4;5;5;3;1;3;1;4;4;3;3;3;5;;;7;3;;;3;4;4;2;1;2;3;3;5;3;4;3;4;1;1;2;1;2;2;3;4;1;1;2;3;3;2;2;2;3;2;4;4;4;4;4;4;3;;;5;3;3;3;1;1;2;3;2;4;5;1;5;4;5;3;2;5;1;1;1;0;0;1;7;0;0;0;0;1;1;1;0;0;0;0;0;0;0;0;0;0;0;0;0;5;5;4;4;2;2;2;1;5;3;4;1;1;4;1;5;1;1;1;6;3;8;8;5;6;4;5;2;4;2;4;3;1;5;5;3;1;5;3;5;1;1;3;1;5;2;1;4;4
782;492;4;4;5;Dansk Folkeparti;1;1;6;2009;1;0;0;0;0;1;0;0;0;0;0;3;3;3;2;3;3;3;3;3;3;0;0;0;1;0;0;0;;3;1;5;1;4;5;5;5;5;4;5;5;5;5;4;4;4;4;;;11;2;2;;5;4;4;3;1;2;1;5;5;5;5;5;3;1;2;3;1;1;1;3;3;1;1;1;2;3;3;2;3;3;2;3;3;3;3;3;3;3;;;4;3;4;3;3;1;1;3;4;1;1;4;4;2;4;1;2;3;0;0;0;0;1;0;;;;;;;;;;;;;;;;;;;;;;5;4;4;5;3;3;2;6;6;6;6;2;4;1;2;1;1;1;1;1;1;11;1;1;1;11;1;6;5;5;5;5;1;3;5;1;5;4;5;2;4;2;1;1;1;1;1;2;2
783;776;4;4;5;Dansk Folkeparti;2;1;5;2014;0;0;0;1;0;0;0;0;0;0;1;1;3;3;3;3;3;3;3;3;3;0;0;0;0;0;0;0;Ingen kommentar;3;1;1;1;3;3;4;2;3;1;2;1;2;1;1;1;1;3;;;6;3;;;3;3;4;3;5;5;3;4;1;1;1;1;1;1;1;2;3;1;1;6;6;2;2;2;6;6;6;2;;;2;2;4;4;2;4;1;3;1;;4;2;5;;1;1;1;5;1;5;5;5;5;;4;1;2;5;;;;;;;20;0;0;0;0;0;0;0;0;0;0;0;0;0;0;1;0;0;0;0;1;;;;;;;;;;;;;;;;;;;;;;;;;;;;;;;;;;;;;;;;;;;;;;;;;
784;777;4;4;5;Dansk Folkeparti;1;1;5;2014;1;0;0;0;0;0;0;0;0;0;0;2;1;1;2;1;1;1;1;1;1;0;0;0;0;0;0;0;Ved ikke;3;3;2;3;3;3;2;2;3;3;2;2;3;3;3;2;2;2;2;;6;1;;;2;2;1;2;2;2;1;4;4;4;4;3;4;2;2;2;2;2;2;2;2;2;2;2;3;3;4;2;3;5;5;5;2;2;2;2;3;4;6;;4;2;3;3;3;1;1;2;3;3;3;3;3;3;3;2;3;3;1;1;0;0;0;1;13;0;0;0;0;0;0;0;1;0;0;0;0;1;0;0;0;0;0;0;0;2;2;3;3;2;2;1;10;10;10;8;3;3;3;3;3;1;1;1;4;4;5;5;4;4;5;5;4;3;3;3;3;3;3;3;3;3;3;3;3;3;3;3;4;4;;3;3;2
785;488;4;4;4;Socialistisk Folkeparti;2;1;7;2004;0;0;0;0;0;0;0;0;0;0;0;;;;;;;;;;;;;;;;;;;;;;;;;;;;;;;;;;;;;;;;3;;;;;;;;;;;;;;;;;;;;;;;;;;;;;;;;;;;;;;;;;;;;;;;;;;;;;;;;;;;;;;;;;;;;;;;;;;;;;;;;;;;;;;;;;;;;;;;;;;;;;;;;;;;;;;;;;;;;;;;;;;;;;;;;;;;;;;;;
786;275;4;4;2;Socialdemokratiet;1;1;7;2004;0;0;0;0;0;0;0;0;0;0;1;1;3;3;3;3;3;3;3;3;1;0;0;0;0;0;0;1;;4;4;4;3;4;5;5;4;3;3;4;4;4;4;4;4;;4;;;6;3;;;5;2;4;2;3;3;3;3;4;4;4;3;3;1;1;1;1;2;1;1;2;3;3;3;3;2;3;3;3;3;1;2;1;1;1;3;3;2;;;4;3;5;4;5;2;3;5;3;2;4;4;2;2;2;2;1;2;0;0;0;1;1;0;7;0;0;0;0;0;0;1;0;0;0;0;0;0;1;0;0;0;0;0;0;5;5;5;5;3;4;5;4;7;5;3;1;1;3;1;3;8;6;5;10;3;8;6;5;8;8;5;7;3;3;3;2;5;2;3;4;4;2;2;2;2;2;2;2;3;2;1;2;1
787;778;4;6;3;Eesti Reformierakond;1;1;11;2014;1;1;0;0;0;0;0;0;0;0;0;1;3;3;3;3;3;3;3;3;3;0;0;0;0;0;1;0;;5;1;3;1;4;2;4;4;3;4;3;4;4;4;4;4;1;4;;;4;3;;;5;5;5;5;4;3;5;5;5;5;5;5;5;1;2;2;1;2;1;2;2;1;1;1;2;2;2;4;3;3;4;4;3;4;4;4;4;2;;;5;2;5;3;3;2;3;3;3;5;4;3;5;2;4;1;1;2;0;1;1;0;1;1;1;0;0;0;1;0;0;0;0;0;0;0;0;0;0;0;0;0;0;0;0;5;4;5;5;1;1;1;8;9;8;6;1;1;3;3;4;11;10;9;10;5;8;7;2;7;2;7;11;3;2;2;3;4;4;2;4;4;2;5;1;5;5;5;1;1;1;3;1;2
788;277;4;6;1;Erakond Isamaa ja Res Publica Liit;1;1;7;2004;1;0;0;0;0;0;0;0;0;0;0;3;3;3;2;3;2;3;3;3;3;0;0;0;0;0;0;1;;4;2;3;1;2;3;4;4;4;4;3;4;4;3;3;1;1;3;1;;5;2;3;;4;3;4;5;2;2;3;4;4;4;2;5;3;1;2;6;2;2;2;3;4;1;1;4;3;3;6;4;5;4;6;6;4;5;5;6;6;3;6;;4;;;;;;;;;;;;;;;;;;;;;;;;;;;;;;;;;;;;;;;;;;;;;;;;;;;;;;;;;;;;;;;;;;;;;;;;;;;;;;;;;;;;;;;;;;;;;
789;779;4;6;2;Sotsiaaldemokraatlik Erakond;2;1;7;2014;1;1;0;0;1;0;0;0;0;0;0;1;3;3;2;3;3;3;1;3;1;0;0;0;0;0;0;1;;4;1;4;1;4;4;5;3;3;2;4;4;3;3;3;1;1;3;;;6;2;3;;5;4;5;5;4;1;4;5;3;;3;5;2;1;2;2;2;1;1;2;2;2;2;3;3;3;3;3;4;3;4;3;5;3;5;3;3;3;;;4;2;5;5;4;3;3;2;2;4;3;2;3;1;3;2;2;2;0;1;0;0;0;0;17;0;0;0;0;0;0;0;0;0;0;0;0;0;0;0;0;1;0;0;0;4;3;4;5;3;3;1;5;5;4;3;1;2;3;2;4;8;8;7;9;5;11;6;1;8;8;7;10;2;2;3;2;4;4;3;3;2;2;5;1;2;4;5;1;2;2;4;2;1
790;780;4;25;6;Vasemmistoliitto;2;1;7;2014;1;1;0;0;0;0;0;0;0;0;0;2;3;3;3;3;2;3;3;3;3;1;0;0;1;1;0;0;;4;1;4;1;3;3;3;;4;3;4;3;4;4;4;4;3;3;;;2;3;;;4;4;3;4;3;5;5;5;5;5;5;5;5;6;2;3;2;1;2;2;2;2;2;2;4;4;2;4;4;4;4;4;4;4;4;4;4;4;;;4;2;3;3;3;1;;4;3;2;5;5;5;5;5;4;1;2;0;1;0;0;1;1;;0;0;0;0;0;0;1;0;1;0;1;0;0;0;0;0;0;0;0;0;4;4;4;4;;2;2;3;3;3;1;1;1;1;1;5;5;5;5;3;4;11;7;8;10;8;11;9;2;2;2;2;2;4;2;5;2;1;2;;1;1;4;1;1;1;1;1;1
791;781;4;25;5;Perussuomalaiset;1;1;5;2014;1;0;0;0;0;0;0;0;0;0;0;2;3;3;2;3;3;3;3;3;3;0;0;0;0;0;0;1;;5;1;3;1;1;2;3;3;3;3;2;1;3;5;1;5;1;4;1;;4;2;2;;3;4;5;4;2;3;3;5;5;1;2;3;1;1;2;2;2;3;3;4;4;2;2;1;2;2;3;3;3;6;5;4;3;3;3;2;3;4;4;;4;4;5;4;2;2;;4;4;2;5;3;4;2;2;2;1;2;1;1;1;1;1;1;17;0;0;0;0;0;0;0;0;0;0;0;0;0;0;0;0;1;0;0;0;5;5;4;5;2;4;1;9;7;6;10;4;5;2;2;1;10;11;11;9;2;11;4;4;8;6;5;11;2;4;3;4;4;5;2;1;4;2;5;2;3;3;5;5;5;2;1;3;2
792;534;4;25;3;Suomen Keskusta;2;1;6;2004;1;1;0;0;0;0;0;0;0;0;0;3;3;3;1;3;3;2;1;1;3;0;0;0;0;0;0;1;;5;1;4;1;2;4;5;4;3;;4;4;4;4;4;4;1;4;;;4;3;;;5;5;4;3;3;5;3;5;4;5;3;3;5;1;1;1;2;2;1;2;2;2;3;2;2;3;2;2;2;3;3;3;1;2;4;2;4;4;;;4;1;5;3;2;2;;4;1;2;4;3;4;2;2;2;1;2;0;0;0;1;1;0;8;0;0;0;0;0;0;0;1;0;0;0;0;0;0;0;0;0;0;0;0;5;4;3;5;2;3;1;5;7;6;9;1;3;3;2;4;5;5;5;9;;11;5;3;6;2;7;6;3;2;2;4;5;5;4;4;3;1;4;3;1;1;3;4;4;2;1;3;3
793;782;4;25;3;Svenska folkpartiet;1;1;7;2012;0;0;0;0;0;0;0;0;0;0;1;1;3;3;3;3;3;3;1;3;1;0;0;0;0;0;0;1;;5;1;3;1;4;5;4;4;4;5;4;1;4;5;5;5;2;4;;;6;2;0;Jag fyller vid fÃ¶ljande val 74.;5;4;4;4;2;4;4;5;5;3;4;3;1;1;2;2;1;2;1;3;2;3;2;2;2;3;3;3;2;4;3;2;2;2;3;3;3;2;;;4;1;3;1;1;2;3;3;3;1;2;3;5;2;3;4;3;3;0;0;1;0;1;0;;0;0;0;0;0;0;0;1;0;0;0;0;0;0;0;0;0;0;0;0;1;2;2;5;3;4;3;5;8;6;8;2;2;4;1;3;8;8;7;8;5;8;9;4;7;6;8;4;2;1;3;2;3;2;4;4;3;1;3;4;2;5;4;1;1;1;1;4;1
794;545;4;10;3;Union des Démocrates et Indépendants/Mouvement Démocrate;2;1;5;2004;0;0;0;0;0;0;0;0;0;0;1;1;3;3;3;3;3;3;3;3;3;0;0;0;0;0;0;1;;3;2;4;1;4;4;4;4;3;4;4;4;3;1;4;4;1;4;;;5;3;;;5;3;3;3;3;5;3;4;1;4;3;4;2;1;1;2;1;1;1;1;2;1;1;2;2;3;2;2;2;2;2;3;3;2;3;3;3;1;;;5;1;5;5;1;1;3;2;2;5;5;5;5;2;2;2;2;2;;;;;;;17;0;0;0;0;0;0;0;0;0;0;0;0;0;0;0;0;1;0;0;0;3;4;5;5;1;1;3;6;7;7;6;1;3;3;3;4;11;11;11;11;3;10;3;2;6;6;3;2;1;1;1;1;5;3;1;5;2;1;3;3;3;3;3;1;1;3;5;1;1
795;549;4;10;1;Union pour un Mouvement Populaire;1;1;7;1994;1;1;0;0;0;0;0;0;0;0;0;1;3;3;2;2;3;3;3;3;3;0;0;0;0;0;0;1;;5;2;4;3;5;5;5;5;5;3;1;3;4;5;4;;2;5;;;6;2;0;retraite;5;4;4;5;4;5;5;4;4;4;3;4;4;1;1;1;1;1;1;1;2;2;2;1;2;1;2;2;2;2;2;2;2;2;4;2;1;2;;;5;1;5;5;1;1;5;2;2;3;2;2;1;1;1;3;1;2;0;1;1;0;0;0;6;0;0;0;0;0;1;0;0;0;0;0;0;0;0;0;0;0;0;0;0;5;5;5;5;;;;8;9;9;10;2;3;3;4;3;10;7;7;9;5;7;7;5;5;5;8;7;3;2;2;3;5;4;1;4;4;1;3;1;3;5;3;4;1;4;5;1;1
796;318;4;10;1;Union pour un Mouvement Populaire;2;1;7;1994;0;0;0;0;1;0;0;0;0;0;0;2;3;2;3;3;3;3;3;3;3;0;0;0;0;0;0;1;;1;4;4;4;5;5;5;5;4;5;4;4;4;4;5;5;5;5;;;6;2;;;;;;;;;;;;;;;;;;;;;;;;;;;;;;;;;;;;;;;;;;;;;;;;;;;;;;;;;;;;;;;;;;;;;;;;;;;;;;;;;;;;;;;;;;;;;;;;;;;;;;;;;;;;;;;;;;;;;;;;;;;;;;;;;;;;;;;;
797;83;4;10;1;Union pour un Mouvement Populaire;1;1;6;1999;0;1;0;0;0;0;0;0;0;0;0;2;3;3;3;3;3;3;2;3;3;0;0;0;0;1;0;0;;;;;;;;;;;;;;;;;;;;;;;;;;;;;;;;;;;;;;;;;;;;;;;;;;;;;;;;;;;;;;;;;;;;;;;;;;;;;;;;;;;;;;;;;;;;;;;;;;;;;;;;;;;;;;;;;;;;;;;;;;;;;;;;;;;;;;;;;;;;;;;;;;;;;;;;;;;;;;;
798;783;4;10;1;Union pour un Mouvement Populaire;1;1;5;2011;0;0;0;0;0;0;0;0;0;0;1;2;3;3;3;3;3;3;3;3;3;0;0;0;0;1;0;0;;4;4;4;2;4;5;5;4;3;3;2;4;3;2;4;3;1;5;;;4;3;;;;;;;;;;;;;;;;;;;;;;;;;;;;;;;;;;;;;;;;;;;;;;;;;;;;;;;;;;;;;;;;;;;;;;;;;;;;;;;;;;;;;;;;;;;;;;;;;;;;;;;;;;;;;;;;;;;;;;;;;;;;;;;;;;;;;;;;
799;784;4;10;4;Europe Écologie;1;1;5;2014;0;0;0;0;0;0;0;0;0;0;1;3;3;3;3;3;3;3;1;3;3;0;0;0;0;0;0;1;;4;2;4;2;4;4;4;4;3;3;1;3;4;4;3;3;4;4;;;9;3;;;5;5;5;5;3;3;5;5;5;5;4;3;5;1;1;2;2;2;2;4;4;1;2;2;3;3;4;2;1;3;3;2;3;3;4;3;2;2;;;5;2;5;5;1;1;3;3;2;3;4;3;4;2;3;2;2;2;0;1;1;1;1;0;10;0;0;0;0;0;0;0;0;0;1;0;0;0;0;0;1;0;1;0;0;1;4;5;5;3;2;3;3;3;4;6;1;1;3;1;4;9;8;9;9;3;7;7;7;7;7;2;2;1;1;1;1;2;3;2;4;2;2;3;5;1;1;3;1;1;1;1;1;1
800;785;4;10;2;Parti socialiste;1;1;5;2009;0;0;0;0;0;0;0;0;0;0;1;2;3;3;3;2;3;3;3;3;3;1;1;0;0;0;0;0;;3;4;4;3;4;4;4;4;4;4;4;4;4;4;4;4;4;4;4;;9;1;;;4;4;4;4;4;4;1;1;4;4;3;3;3;1;1;1;1;1;1;1;1;1;1;2;2;1;1;2;2;5;;2;3;2;3;3;3;3;3;;5;;;;;;;;;;;;;;;;;;;;;;;;;;;;;;;;;;;;;;;;;;;;;;;;;;;;;;;;;;;;;;;;;;;;;;;;;;;;;;;;;;;;;;;;;;;;;
801;547;4;10;2;Parti socialiste;2;1;7;2009;0;0;0;0;0;0;0;0;0;0;1;1;3;3;3;3;3;3;1;1;3;;;;;;;;;;;;;;;;;;;;;;;;;;;;;;;;;;;;;;;;;;;;;;;;;;;;;;;;;;;;;;;;;;;;;;;;;;;;;;;;;;;;;;;;;;;;;;;;;;;;;;;;;;;;;;;;;;;;;;;;;;;;;;;;;;;;;;;;;;;;;;;;;;;;;;;;;;;;;;;;;;;;;;
802;786;4;10;2;Parti radical de gauche;2;1;7;2014;0;0;0;1;0;0;0;0;0;0;0;;;;;;;;;;;1;0;0;0;0;0;0;Ministre;1;3;4;2;5;5;5;5;5;1;5;5;5;4;4;2;2;3;;;4;1;;;3;3;4;4;3;3;3;4;2;2;4;3;2;1;1;1;1;2;2;2;3;1;2;2;3;3;2;1;2;3;3;2;3;3;3;2;3;2;;;5;2;4;4;2;1;2;2;2;4;4;4;4;1;2;3;2;3;0;0;0;1;1;0;10;0;0;0;0;0;0;0;0;0;1;0;0;0;0;0;0;0;0;0;0;1;2;3;4;2;1;;1;1;1;1;1;1;3;2;4;6;6;6;6;4;5;4;4;11;11;1;1;1;1;1;1;2;2;2;4;2;2;2;4;2;2;3;1;1;1;4;2;1
803;787;4;10;2;Parti socialiste;1;1;6;2012;0;0;0;0;0;0;0;0;0;0;1;2;3;3;3;1;3;3;3;3;3;0;0;0;0;0;0;1;;;;;;;;;;;;;;;;;;;;;;;;;;;;;;;;;;;;;;;;;;;;;;;;;;;;;;;;;;;;;;;;;;;;;;;;;;;;;;;;;;;;;;;;;;;;;;;;;;;;;;;;;;;;;;;;;;;;;;;;;;;;;;;;;;;;;;;;;;;;;;;;;;;;;;;;;;;;;;;
804;788;4;10;2;Parti socialiste;2;1;4;2014;0;0;0;0;0;0;0;0;0;0;1;2;3;3;3;3;3;3;3;3;3;1;0;0;1;1;0;0;;1;4;4;2;3;4;4;5;1;3;1;1;1;1;5;5;5;5;;;8;1;;;5;5;5;4;3;3;4;4;4;4;5;4;4;1;1;2;2;2;1;2;3;1;1;1;1;1;3;5;2;3;2;2;5;3;1;5;5;1;;;5;2;3;5;3;1;2;1;3;4;4;3;2;2;2;2;2;4;0;0;0;0;0;1;17;0;0;0;0;0;0;0;0;0;0;1;0;0;0;0;0;0;0;0;0;5;3;4;2;2;4;5;3;4;4;6;1;1;3;2;5;9;9;7;9;5;4;7;7;8;8;9;4;2;2;2;1;1;3;1;4;1;1;1;5;3;;5;1;1;1;5;1;1
805;789;4;10;8;Front national;1;1;6;1989;1;0;0;0;1;0;0;0;0;0;0;1;3;1;1;3;3;3;3;3;3;0;0;0;0;0;0;0;Tout ce qui permettra de redresser mon pays;;;;;;;;;;;;;;;;;;;;;;;;;;;;;;;;;;;;;;;;;;;;;;;;;;;;;;;;;;;;;;;;;;;;;;;;;;;;;;;;;;;;;;;;;;;;;;;;;;;;;;;;;;;;;;;;;;;;;;;;;;;;;;;;;;;;;;;;;;;;;;;;;;;;;;;;;;;;;;
806;790;4;10;13;Front national;2;1;6;2014;0;0;0;0;0;0;0;0;0;0;1;2;3;3;3;3;2;3;3;3;3;0;0;0;0;0;0;0;N/A;3;4;4;4;4;4;4;4;4;4;4;4;4;4;4;;4;4;;;11;3;;;5;5;5;5;5;5;4;5;5;5;5;5;5;1;1;;2;1;1;2;5;1;2;2;5;5;5;2;3;2;;2;5;4;4;3;4;2;;;5;3;3;;;;;;;;;;;;;;;;;;;;;;;;;;;;;;;;;;;;;;;;;;;;;;;;;;11;11;11;11;1;5;1;3;1;1;1;1;1;3;11;11;11;11;11;11;11;5;5;5;5;5;5;5;1;5;1;5;5;1;1;1;5;5;1;5;3;4
807;791;4;10;13;Front national;1;3;6;2014;0;0;0;0;0;0;0;0;0;0;1;2;3;3;2;3;2;3;3;3;3;0;0;0;1;0;0;0;;5;5;4;1;4;2;4;4;5;4;1;4;2;3;4;5;2;3;;;2;1;;;2;3;3;4;4;5;5;5;3;2;4;5;5;5;4;2;4;4;2;2;2;2;2;2;2;3;3;2;3;3;2;3;3;4;3;3;3;2;2;;2;1;1;1;1;1;1;1;1;1;1;5;4;1;;1;2;5;;;;;;;1;0;0;0;0;0;0;0;0;0;0;0;0;1;0;0;0;0;0;0;0;1;5;1;5;1;1;;;;;;2;5;1;1;1;1;1;1;1;;11;11;11;11;11;11;11;5;5;5;5;1;5;5;1;5;1;1;5;1;1;1;5;5;1;5;1;4
808;792;4;10;13;Front national;2;1;6;2014;0;0;0;0;0;0;0;0;0;0;1;2;3;3;3;3;3;3;2;3;3;0;0;0;0;0;0;1;;2;2;4;1;2;5;5;5;5;2;2;2;2;3;2;5;5;5;;;10;3;;;4;4;4;1;2;5;1;5;5;4;5;4;3;1;5;6;5;1;2;3;3;1;1;2;3;3;6;5;5;6;5;3;3;5;5;4;6;5;2;associations animales;5;;;;;;;;;;;;;;;;;;;;;;;;;;;;;;;;;;;;;;;;;;;;;;;;;;;;;;;;;;;;;;;;;;;;;;;;;;;;;;;;;;;;;;;;;;;;;
809;793;4;5;6;DIE LINKE.;1;2;7;2009;0;0;0;0;1;0;0;0;0;0;0;3;3;3;3;3;1;3;3;3;3;1;0;0;0;0;0;0;Politics at the regional level.;2;2;5;2;5;5;5;5;1;3;1;1;;4;1;4;1;5;;;11;3;;;5;5;5;4;5;4;4;4;5;5;5;5;5;2;3;2;2;1;2;1;2;2;2;2;3;3;4;2;2;3;2;2;1;2;3;3;3;1;;;4;3;3;4;4;1;1;3;3;4;2;2;3;3;4;2;1;1;0;0;0;0;1;0;3;0;0;1;0;0;0;0;0;0;0;0;0;0;0;0;0;0;0;0;0;4;5;5;5;3;2;2;3;3;3;3;1;1;4;2;4;9;7;6;7;4;11;11;8;11;9;10;5;1;2;2;2;2;2;2;4;2;2;3;4;1;1;2;1;1;2;3;1;1
810;794;4;5;6;DIE LINKE.;2;1;9;2013;0;0;0;0;0;0;0;0;0;0;1;1;3;3;3;3;3;3;3;3;2;0;0;0;0;0;0;1;;3;2;5;2;3;3;4;4;3;3;1;1;4;5;5;3;3;5;;;11;3;;;5;5;5;5;3;2;3;3;5;4;3;5;5;2;2;5;5;1;1;3;4;2;6;2;6;6;6;5;5;5;4;5;5;6;6;6;6;4;;;3;;;;;;;;;;;;;;;;;;;;;;;;;;;;;;;;;;;;;;;;;;;;;;;;;;;;;;;;;;;;;;;;;;;;;;;;;;;;;;;;;;;;;;;;;;;;;
811;795;4;5;5;Familien-Partei Deutschlands;1;3;4;2014;0;0;0;0;0;0;0;0;0;0;1;;;;;;;;;;;0;0;0;0;0;0;1;;3;4;4;1;3;4;4;4;3;5;1;1;1;4;4;2;1;5;;;6;1;;;5;5;4;3;4;4;5;5;5;5;5;5;5;1;1;3;1;1;2;3;3;1;1;3;3;3;3;2;2;1;2;3;3;2;2;2;3;2;;;4;2;3;3;3;2;2;3;3;2;4;2;4;2;4;2;1;3;0;0;1;1;1;0;7;0;0;0;0;0;0;1;0;0;0;0;0;0;0;0;0;0;0;0;0;3;4;3;4;3;1;1;7;7;7;7;2;3;3;3;3;8;5;5;5;3;8;7;6;7;7;7;11;1;2;2;2;3;3;2;4;3;3;2;2;2;2;3;2;2;2;3;2;3
812;796;4;5;5;Alternative für Deutschland;1;1;7;2014;0;0;0;0;0;0;0;0;0;0;1;;;;;;;;;;;0;0;0;0;0;0;1;;5;1;2;1;3;5;5;5;2;3;2;1;2;5;2;2;2;4;;;3;2;0;Ruhestand;5;3;4;4;1;3;1;5;1;1;1;1;1;1;1;1;1;1;1;2;2;1;1;2;2;2;2;5;5;6;3;4;6;4;6;5;5;1;;;1;4;4;4;2;2;1;4;4;2;2;4;5;3;2;2;2;3;1;1;1;1;1;1;9;0;0;0;0;0;0;0;0;1;0;0;0;0;0;0;0;0;0;0;0;5;2;5;3;1;1;1;4;5;6;5;4;2;3;4;2;1;1;1;1;4;8;3;3;5;2;11;9;5;5;3;5;4;5;2;2;2;2;5;1;4;4;4;5;5;5;1;5;2
813;797;4;5;5;Alternative für Deutschland;1;3;7;2014;0;0;0;0;0;0;0;0;0;0;1;;;;;;;;;;;0;0;0;1;0;0;0;;4;3;5;1;1;1;2;5;5;1;2;1;;5;1;1;1;1;;;11;3;;;5;5;5;4;4;1;2;5;3;5;5;1;1;1;;3;1;1;4;4;3;1;1;6;6;6;6;6;6;6;6;3;6;6;6;3;6;6;6;;4;2;2;4;5;1;1;1;3;1;5;1;5;5;5;1;5;2;;;;;;;4;0;0;0;1;0;0;0;0;0;0;0;0;0;0;0;0;0;0;0;0;5;4;5;5;1;2;;6;7;7;7;4;4;1;5;1;1;1;1;2;3;11;9;11;11;11;11;9;5;5;1;5;5;5;5;1;5;1;2;;3;5;4;1;2;1;1;5;
814;798;4;5;5;Alternative für Deutschland;2;1;5;2014;0;0;0;0;0;0;0;0;0;0;1;;;;;;;;;;;1;0;0;1;1;0;0;;2;2;4;1;1;2;4;3;2;2;1;1;1;1;2;1;1;2;;;10;1;;;4;5;5;3;1;1;4;5;2;1;5;3;1;1;2;2;1;1;1;4;3;1;1;3;4;3;5;3;3;3;4;3;4;3;4;4;4;4;;;4;2;2;5;2;1;1;3;2;3;4;2;3;3;5;2;1;2;;;;;;;7;0;0;0;0;0;0;1;0;0;0;0;0;0;0;0;0;0;0;0;0;3;4;2;4;1;4;1;8;8;8;8;5;3;2;5;1;2;2;2;2;3;9;6;1;3;2;10;9;5;5;3;3;5;5;5;1;5;2;4;2;3;3;2;3;4;2;2;3;2
815;799;4;5;3;Freie Wähler;2;1;5;2014;0;0;0;0;0;0;0;0;0;0;1;1;3;3;3;3;3;3;3;3;3;1;0;0;0;0;0;0;;;;;;;;;;;;;;;;;;;;;;;;;;;;;;;;;;;;;;;;;;;;;;;;;;;;;;;;;;;;;;;;;;;;;;;;;;;;;;;;;;;;;;;;;;;;;;;;;;;;;;;;;;;;;;;;;;;;;;;;;;;;;;;;;;;;;;;;;;;;;;;;;;;;;;;;;;;;;;;
816;93;4;5;1;Christlich Demokratische Union Deutschlands;1;1;7;1994;1;0;0;0;0;0;0;0;0;0;0;2;3;3;3;2;3;3;3;3;3;0;0;0;0;0;0;1;;5;2;4;3;5;2;3;5;5;5;3;2;5;5;3;1;1;2;;;4;3;;;5;3;4;4;4;3;4;5;4;3;3;4;3;1;1;1;2;1;1;2;2;1;3;2;3;4;5;2;3;5;5;2;6;3;1;3;4;5;;;4;1;4;4;1;1;1;2;3;1;3;2;1;1;2;3;1;3;0;1;0;0;0;1;11;0;0;0;0;0;0;0;0;0;0;1;0;0;0;0;0;0;0;0;0;5;4;1;5;1;1;5;7;7;6;6;4;4;3;4;1;9;8;8;9;1;9;10;8;8;6;10;10;2;2;5;1;5;4;2;5;2;1;4;1;2;3;2;1;1;1;3;2;2
817;62;4;5;1;Christlich-Soziale Union in Bayern e.V.;1;1;7;1994;0;0;0;0;0;0;0;0;0;0;1;2;3;3;1;2;1;3;2;3;3;1;0;0;0;0;0;0;;4;1;2;2;3;4;5;5;3;3;3;1;3;4;4;1;1;3;1;;5;1;;;5;4;3;3;2;1;2;3;4;5;4;4;2;1;1;1;1;2;1;2;2;1;2;2;3;3;2;2;2;3;2;1;2;1;1;1;1;2;;;5;3;4;4;1;1;3;5;4;3;4;2;4;2;2;2;2;2;1;1;1;0;0;0;6;0;0;0;0;0;1;0;0;0;0;0;0;0;0;0;0;0;0;0;0;5;2;3;5;1;3;3;7;8;8;7;4;4;3;3;2;6;5;5;7;3;9;4;1;4;1;7;8;3;4;3;2;4;4;1;3;4;2;2;1;3;3;3;3;2;1;2;2;2
818;71;4;5;1;Christlich Demokratische Union Deutschlands;1;1;4;1999;0;0;0;0;0;0;0;0;0;0;1;1;3;3;3;1;2;3;1;3;3;1;1;0;0;0;0;0;;2;1;3;1;3;5;4;5;3;2;1;1;4;4;2;1;1;4;;;5;1;;;2;4;2;5;3;3;2;3;4;2;4;5;1;1;1;1;2;1;1;2;3;1;4;2;3;2;1;5;5;5;5;3;5;2;2;3;4;2;1;Botschaften;4;1;5;2;2;2;2;4;2;2;4;4;3;1;2;4;1;1;1;0;0;0;0;1;1;1;0;0;0;0;0;0;0;0;0;0;0;0;0;0;0;0;0;0;0;4;1;5;5;1;1;4;7;7;8;6;4;2;2;3;2;11;9;9;11;5;8;6;4;2;2;6;3;3;3;2;1;4;2;2;5;1;1;4;1;4;4;4;4;1;3;2;1;1
819;260;4;5;1;Christlich Demokratische Union Deutschlands;2;1;7;1999;0;0;0;0;0;0;0;0;0;0;1;1;3;3;3;3;3;3;3;3;3;1;0;0;0;0;0;0;;2;2;4;3;5;2;5;5;5;4;1;1;4;4;5;1;1;5;;;5;1;;;5;5;5;4;4;2;4;4;5;5;5;5;4;1;2;2;2;1;2;2;2;2;3;3;3;4;4;2;2;3;4;2;2;2;4;2;4;2;;;4;1;3;3;1;1;1;5;3;2;5;3;5;2;4;2;2;4;0;0;1;0;0;1;8;0;0;0;0;0;0;0;1;0;0;0;0;0;0;0;0;0;0;0;0;5;2;5;4;1;1;5;7;8;8;8;2;3;2;4;3;10;8;7;10;3;;;;;;;;3;3;4;3;5;2;1;5;5;1;5;2;4;2;5;1;1;1;1;2;1
820;250;4;5;1;Christlich Demokratische Union Deutschlands;1;1;5;2004;0;0;0;0;0;0;0;0;0;0;0;1;3;3;1;3;3;3;3;3;3;0;0;0;0;0;0;1;;2;2;3;3;4;4;5;4;4;;2;1;3;3;3;1;3;;;;6;1;;;5;4;4;4;1;2;3;5;5;4;3;4;2;1;1;1;1;1;2;2;2;1;2;1;2;2;5;2;4;4;4;3;5;2;3;2;4;5;;;4;2;3;4;3;2;3;4;1;1;1;2;1;;1;2;2;4;0;1;0;0;0;1;9;0;0;0;0;0;0;0;0;1;0;0;0;0;0;0;0;0;0;0;0;5;4;2;4;1;1;4;6;6;7;6;2;5;2;4;2;7;8;3;9;4;9;7;5;7;6;8;9;5;5;5;3;5;1;2;3;4;2;2;1;3;4;4;2;2;2;3;3;3
821;800;4;5;1;Christlich Demokratische Union Deutschlands;1;1;7;2009;0;0;0;0;0;0;0;0;0;0;1;;;;;;;;;;;1;1;0;0;0;0;0;;2;2;4;1;2;5;4;4;5;1;2;1;4;4;4;1;1;4;1;;4;1;;;5;4;4;4;2;4;3;3;4;5;4;4;3;1;1;1;1;1;2;2;2;1;4;2;3;3;4;4;4;4;4;3;6;3;3;3;3;4;;;4;1;4;3;1;2;3;4;3;1;3;2;2;1;1;3;3;3;0;0;0;1;0;1;16;0;0;0;0;0;0;0;0;0;0;0;0;0;0;0;1;1;0;0;1;4;1;3;4;4;2;5;7;7;8;6;3;4;3;2;2;11;7;6;10;4;7;9;5;7;6;9;5;5;5;4;2;5;4;1;4;4;1;2;1;2;4;3;1;2;1;4;2;2
822;801;4;5;1;Christlich Demokratische Union Deutschlands;1;1;7;2009;0;0;0;0;0;0;0;0;0;0;1;2;3;3;3;3;2;3;3;3;3;1;1;1;0;1;1;0;;2;2;4;3;4;3;5;5;5;5;4;5;4;5;4;3;4;4;;;5;3;;;5;5;4;4;3;4;4;5;3;5;3;4;3;1;2;1;1;1;1;1;1;1;3;1;1;1;3;2;5;5;5;3;4;2;3;2;1;3;;;4;1;3;3;2;2;2;4;4;2;3;2;4;2;2;3;2;2;1;1;0;0;0;1;;0;0;0;0;0;1;0;0;0;0;0;0;0;0;0;0;0;0;0;0;4;4;5;5;5;4;5;6;6;6;6;3;3;3;4;3;9;7;6;8;3;7;6;3;4;4;6;8;3;3;4;3;5;4;2;3;4;2;2;2;3;4;3;1;2;1;1;1;1
823;267;4;5;4;Bündnis 90/Die Grünen;2;1;7;2004;0;0;0;0;0;0;0;0;0;0;1;1;3;3;3;1;1;3;3;3;3;0;0;0;0;0;0;1;;3;2;4;;2;3;3;3;3;2;1;1;3;3;3;3;1;3;;;3;2;0;Andere Schwerpunkte setzen;3;3;3;3;3;2;2;2;4;2;2;3;3;2;3;1;2;1;1;3;3;3;3;3;5;4;6;4;4;4;4;3;5;5;5;5;5;2;;;4;1;2;1;1;1;1;2;3;5;3;4;4;2;4;3;2;;;;;;;;;;;;;;;;;;;;;;;;;;;;;;;;;;;;;;;;;;;;;;;;;;;;;;;;;;;;;;;;;;;;;;;;;;;;;
824;802;4;5;4;Piratenpartei Deutschland;2;1;7;2014;0;0;0;0;0;0;0;0;0;0;1;3;3;3;3;3;3;3;3;3;2;0;0;0;0;0;1;0;;4;1;3;1;2;4;5;4;1;1;1;2;3;3;2;3;1;4;1;;4;3;;;4;3;3;3;4;2;4;1;5;1;2;4;4;2;2;1;1;1;1;2;2;2;4;5;4;3;3;2;4;4;3;2;5;2;6;4;5;2;2;Academics / education associations;3;1;5;1;4;2;1;3;2;4;3;2;3;2;2;5;1;4;1;1;1;1;1;1;16;0;0;0;0;0;0;0;0;0;0;0;0;0;0;0;1;0;0;0;0;5;5;4;5;1;1;1;4;5;6;4;1;1;5;3;5;11;11;8;9;2;10;7;7;8;7;6;2;1;1;1;1;3;3;2;5;1;2;2;4;1;1;3;1;1;1;1;1;1
825;574;4;5;2;Sozialdemokratische Partei Deutschlands;2;1;7;1994;0;0;0;0;0;0;0;0;0;0;1;3;3;3;3;3;2;3;3;3;3;0;0;0;0;0;1;0;präsidentin des EP;2;1;3;1;3;3;5;5;2;4;1;3;3;5;4;1;1;3;;;11;3;;;5;4;3;5;3;3;5;3;3;3;2;4;4;1;2;2;1;2;1;2;2;3;4;3;3;5;5;2;3;2;2;3;6;5;5;3;6;5;;;5;1;2;2;1;1;1;3;2;3;3;1;5;2;4;3;1;2;;;;;;;10;0;0;0;0;0;0;0;0;0;1;0;0;0;0;0;0;0;0;0;0;5;4;3;5;1;1;5;3;2;4;2;1;1;3;3;5;11;10;9;11;2;8;7;7;7;7;10;10;1;1;1;1;;;;;;;;;;;;;;;;;
826;590;4;5;2;Sozialdemokratische Partei Deutschlands;2;1;9;2008;0;0;0;0;0;0;0;0;0;0;1;1;3;3;3;3;2;3;3;3;3;0;0;0;0;0;0;1;;3;1;3;1;3;3;4;4;4;3;3;1;3;3;4;1;1;4;;;9;2;0;Alter;5;4;4;3;4;1;5;4;5;4;3;4;3;1;1;2;2;1;2;2;3;2;4;4;4;3;3;4;2;4;3;3;2;5;5;5;5;4;;;4;2;3;4;2;1;2;3;3;2;5;2;2;2;3;4;2;2;0;1;0;1;0;0;14;0;0;0;0;0;0;0;0;0;0;0;0;0;1;0;0;0;0;0;0;5;3;4;4;1;1;5;3;4;4;5;1;1;3;1;5;11;8;5;9;1;9;7;9;10;9;7;3;1;2;2;1;1;2;1;5;2;2;4;2;1;3;5;1;1;1;4;1;1
827;803;4;5;2;Sozialdemokratische Partei Deutschlands;1;1;6;2009;0;0;0;0;0;0;1;0;0;0;0;3;3;3;3;3;1;3;1;3;3;1;0;0;0;1;1;1;MItglied eines Regionalregierung;4;3;4;1;5;2;3;5;4;1;1;1;5;5;1;1;1;4;;;4;1;;;5;5;4;3;3;4;3;3;5;5;;4;4;1;1;2;2;2;2;2;3;3;3;3;3;3;3;3;3;4;2;2;4;2;5;4;4;5;;;4;1;5;4;1;2;1;4;4;2;4;1;3;1;4;3;2;2;;;;;;;9;0;0;0;1;1;0;0;0;0;0;0;0;0;0;0;0;0;0;0;0;5;5;3;4;2;4;5;4;4;5;4;1;1;4;2;5;11;10;8;11;5;9;6;6;10;9;8;6;1;2;3;1;2;3;1;5;2;2;3;3;2;2;3;1;1;1;1;1;1
828;804;4;5;2;Sozialdemokratische Partei Deutschlands;2;1;7;2009;0;0;0;0;0;0;0;0;0;0;1;;;;;;;;;;;1;0;0;0;0;0;0;;2;3;4;2;4;5;5;5;4;3;2;1;5;4;4;1;1;4;;;7;1;;;4;4;3;3;5;2;5;5;2;5;3;4;4;1;1;2;2;2;2;2;3;2;6;4;5;4;3;3;3;3;2;3;4;3;4;4;4;4;;;4;1;3;4;1;1;1;3;3;1;3;2;4;2;4;4;2;1;1;0;0;0;0;1;12;0;0;0;0;0;0;0;0;0;0;0;1;0;0;0;0;0;0;0;0;4;4;2;4;1;1;4;4;4;4;4;2;1;3;2;4;11;9;8;11;3;7;6;1;2;1;4;8;2;1;2;2;2;4;1;4;3;2;2;3;2;2;2;1;1;1;1;1;1
829;572;4;5;2;Sozialdemokratische Partei Deutschlands;1;1;7;2009;0;0;0;0;0;0;0;0;0;0;1;3;3;3;3;1;2;3;3;3;3;0;0;0;0;0;0;1;;2;3;5;;4;5;5;5;5;5;;;5;5;5;;;4;;;6;3;;;1;;4;5;5;4;4;4;4;4;4;4;;3;2;2;1;1;1;;4;2;2;;;;;;;;3;3;;;1;3;;2;;;4;;4;4;3;;;4;4;2;4;3;;2;4;2;2;2;0;1;1;0;1;1;1;1;0;0;0;0;0;0;0;0;0;0;0;0;0;0;0;0;0;0;0;;;;5;;;;4;5;5;5;2;3;3;2;4;10;8;7;10;;9;6;3;8;;;;2;1;1;1;;;;;;;;3;2;4;2;2;;2;2;;1
830;805;4;5;2;Sozialdemokratische Partei Deutschlands;2;1;7;2014;0;0;0;0;0;0;0;0;0;0;1;;;;;;;;;;;0;0;0;0;0;0;1;;1;3;3;2;4;4;3;3;4;4;3;2;4;4;4;3;2;4;;;1;1;;;5;5;4;5;4;5;4;5;4;5;5;5;4;2;2;1;3;2;1;6;6;2;5;2;4;3;6;4;4;5;4;2;6;3;3;3;4;4;;;4;2;3;3;2;1;3;4;4;1;4;2;3;2;5;1;1;3;;;;;;;11;0;0;0;0;0;0;0;0;0;0;1;0;0;0;0;0;0;0;0;1;5;4;4;4;2;2;;4;3;4;4;1;1;2;4;4;11;11;11;11;2;6;6;6;6;7;6;6;1;1;1;1;3;3;1;3;3;1;1;3;2;3;3;1;1;1;1;1;1
831;806;4;5;8;Nationaldemokratische Partei Deutschlands;1;1;5;2014;0;0;0;0;0;0;0;0;0;0;1;1;3;3;3;3;3;3;1;3;3;1;0;1;1;1;0;0;;;;;;;;;;;;;;;;;;;;;;;;;;;;;;;;;;;;;;;;;;;;;;;;;;;;;;;;;;;;;;;;;;;;;;;;;;;;;;;;;;;;;;;;;;;;;;;;;;;;;;;;;;;;;;;;;;;;;;;;;;;;;;;;;;;;;;;;;;;;;;;;;;;;;;;;;;;;;;;
832;807;4;8;6;Coalition of the Radical Left;1;1;9;1984;1;0;0;0;0;0;0;0;0;0;0;1;3;3;3;3;3;3;2;3;3;0;0;0;0;0;0;0;ΝΑ ΑΣΧΟΛΟΥΜΑΙ ΜΕ ΤΗ ΣΥΓΓΡΑΦΗ ΤΩΝ ΒΙΒΛΙΩΝ ΜΟΥ;4;1;3;1;3;3;3;4;3;3;1;1;2;4;1;5;1;1;;;5;2;3;;2;2;5;3;4;4;5;5;;;;;;1;2;6;1;1;1;2;2;2;2;3;3;3;6;3;3;6;3;6;2;6;3;3;6;3;;;1;4;4;4;2;1;4;3;2;2;4;1;4;2;4;2;2;4;;;;;;;15;0;0;0;0;0;0;0;0;0;0;0;0;0;0;1;0;0;0;0;0;4;5;3;3;3;3;1;1;1;3;1;2;3;2;3;4;10;8;7;8;3;10;10;11;11;11;7;6;3;3;2;4;1;4;2;3;1;2;1;5;1;1;1;1;4;2;2;2;2
833;808;4;8;6;Coalition of the Radical Left;1;1;5;2014;0;0;0;0;0;0;0;0;0;0;1;;;;;;;;;;;0;0;0;0;0;0;0;Πρύτανης;4;1;2;2;3;2;4;4;1;2;2;2;2;4;2;4;2;4;;;6;3;;;4;4;5;4;3;1;5;5;2;4;3;4;3;2;3;4;2;2;2;2;4;2;2;2;2;2;2;3;3;3;4;3;3;3;3;3;4;2;;;4;4;4;3;3;3;3;1;2;3;3;3;3;2;4;2;2;2;0;1;1;0;0;1;17;;;;;;;;;;;;;;;;;;;;;3;3;4;4;3;3;1;5;4;5;4;1;2;3;3;3;6;6;7;7;4;5;6;7;7;8;6;4;3;2;2;2;;;;;;;;;;;;;;;;;
834;809;4;8;2;Panhellenic Socialist Movement - Olive Tree;2;1;5;2014;1;0;0;0;1;0;0;0;0;0;0;1;3;3;2;3;3;3;2;2;3;1;0;1;1;1;1;0;;4;1;2;1;3;3;4;3;3;1;2;1;1;5;4;3;1;5;;;6;3;;;4;5;4;4;4;4;5;4;3;3;3;4;4;1;2;3;1;2;1;1;1;1;2;2;2;2;3;2;3;2;3;3;3;3;3;3;2;3;;;3;3;4;4;4;3;3;2;2;3;4;3;4;2;3;3;1;2;1;1;1;1;1;1;9;1;0;0;0;1;1;1;0;1;0;0;0;0;0;0;0;0;0;0;0;4;3;3;4;3;3;4;5;5;6;6;2;2;3;3;4;7;6;6;8;5;10;8;6;6;5;7;8;1;1;1;1;3;3;2;4;1;1;4;1;3;3;2;1;1;1;1;1;1
835;810;4;8;2;The River;1;1;7;2014;0;0;0;0;0;1;0;0;0;0;0;;;;;;;;;;;0;0;0;0;0;0;1;;2;1;1;1;1;3;3;3;1;1;1;1;1;2;1;1;1;1;;;9;3;;;5;3;3;4;3;1;5;2;2;1;3;4;3;1;2;2;1;2;1;4;4;1;1;1;5;4;1;3;3;4;3;2;4;5;5;5;6;1;;;5;1;5;3;5;1;1;3;1;5;4;5;5;2;4;4;1;1;1;1;1;1;1;1;17;0;0;0;0;0;0;0;0;0;0;1;0;0;0;0;0;0;0;0;0;5;5;4;1;1;1;1;4;5;6;6;1;2;4;1;2;11;8;6;4;3;11;9;2;5;5;1;9;3;1;2;1;4;5;1;5;1;1;3;4;1;2;2;1;3;1;1;1;3
836;811;4;8;8;Popular Association – Golden Dawn;1;1;5;2014;0;0;0;0;0;0;0;0;0;0;1;;;;;;;;;;;0;0;0;0;0;0;1;;;;;;;;;;;;;;;;;;;;;;;;;;;;;;;;;;;;;;;;;;;;;;;;;;;;;;;;;;;;;;;;;;;;;;;;;;;;;;;;;;;;;;;;;;;;;;;;;;;;;;;;;;;;;;;;;;;;;;;;;;;;;;;;;;;;;;;;;;;;;;;;;;;;;;;;;;;;;;;
837;812;4;8;8;Popular Association – Golden Dawn;1;1;6;2014;0;0;0;0;0;0;0;0;0;0;1;;;;;;;;;;;0;0;0;0;0;0;1;;1;;;;;;;;;;;;;4;;;;5;;;11;3;;;;5;5;;;;;5;5;;5;;;3;;;;;;;;1;;;;;;4;5;;6;;;;;;;3;;;2;5;;;;;;;;4;5;2;4;;5;1;2;4;1;1;1;1;0;0;;1;0;0;0;0;0;0;0;0;0;0;0;0;0;1;0;1;0;0;0;5;5;5;5;1;1;1;11;11;11;11;1;5;2;4;1;1;1;1;11;5;11;11;11;11;11;11;1;5;5;1;1;5;5;1;1;2;1;1;5;5;1;1;4;2;2;1;1;4
838;813;4;8;8;Communist Party of Greece;1;1;5;2014;0;0;0;0;0;0;0;0;0;0;1;3;3;3;3;3;3;3;2;3;2;0;0;0;0;0;0;0;πολιτικά ενεργό στέλεχος;1;5;5;1;5;1;3;3;1;1;1;1;1;1;1;1;1;1;;;11;3;;;2;3;5;1;3;1;4;4;4;1;5;1;4;1;1;6;2;6;6;6;6;;1;3;6;6;6;5;4;3;2;2;2;6;4;5;6;3;;;5;3;1;1;1;1;1;1;1;5;1;3;5;5;5;4;5;5;0;0;0;1;1;1;1;1;0;0;0;0;0;0;0;0;0;0;1;0;0;0;0;0;0;0;0;;;;5;;;;1;1;1;;1;3;2;1;5;1;1;1;;1;6;7;7;11;11;7;1;5;5;5;5;;;;;;;;;;;;;;;;;
839;814;4;16;4;Lehet Más A Politika;1;3;7;2014;0;0;0;0;0;0;0;0;0;0;1;3;3;3;3;3;2;3;1;3;3;0;1;0;0;0;0;0;;4;4;4;3;3;4;5;5;2;3;2;4;3;3;3;2;1;4;;;10;3;;;4;4;3;5;4;2;3;3;3;3;4;4;4;3;3;4;2;1;2;3;3;2;1;4;5;4;4;4;3;3;3;5;6;5;5;6;6;2;;;2;2;5;1;3;2;1;3;2;3;4;4;5;2;4;3;2;2;0;0;1;0;1;1;1;1;0;0;0;0;0;1;0;0;0;0;0;0;0;0;0;0;0;0;0;4;3;5;4;1;2;1;4;4;5;4;1;2;4;1;4;8;7;6;9;4;6;5;4;8;5;6;6;1;2;1;1;2;3;2;4;2;3;3;5;1;1;4;1;;3;2;1;1
840;815;4;7;6;Sinn Féin;2;1;7;2014;0;0;0;0;0;0;0;0;0;0;1;;;;;;;;;;;0;0;0;0;0;0;0;I would like to be a spokesperson for a human rights organisation;1;5;4;1;4;2;5;5;5;3;4;5;4;3;3;3;1;5;;;8;1;;;4;3;5;3;4;5;1;4;5;5;5;3;4;1;1;4;1;2;2;2;3;1;2;1;3;2;5;3;2;2;2;4;5;5;3;5;6;1;;;5;4;3;5;4;1;2;4;4;3;4;2;5;3;4;2;2;3;0;1;1;0;0;1;7;0;0;0;0;0;0;0;1;0;0;0;0;0;0;0;0;0;0;0;0;4;3;4;4;1;3;1;3;3;3;3;1;1;3;2;5;3;3;2;5;2;8;10;10;10;7;10;3;2;1;1;5;1;5;3;3;2;3;5;5;1;1;4;2;2;2;1;3;2
841;816;4;7;6;Sinn Féin;1;1;7;2014;0;0;0;0;0;0;0;0;0;0;1;1;3;3;3;3;3;3;2;3;3;0;0;0;1;1;0;0;;4;3;4;3;4;5;5;5;5;5;5;;3;3;3;3;4;5;;;8;1;;;3;4;5;2;3;4;2;5;5;5;5;2;4;1;1;4;1;2;2;3;3;1;1;2;4;3;3;5;4;3;3;4;2;4;5;3;5;2;;;5;4;4;5;4;2;3;3;2;5;5;3;5;4;4;1;3;3;;;;;;;13;0;0;0;0;0;0;0;0;0;0;0;0;1;0;0;0;0;0;0;0;3;4;4;4;1;5;;3;3;3;2;1;1;3;1;4;1;2;2;5;2;10;10;10;10;;9;3;3;3;4;5;1;4;3;4;2;3;5;5;5;5;3;3;4;2;1;3;2
842;367;4;7;1;Fine Gael Party;2;1;6;2004;0;0;0;0;0;0;0;0;0;0;1;3;3;3;3;3;3;1;3;3;1;0;0;0;0;0;0;0;Stay in Public life in member state;;1;;1;3;3;5;4;4;3;3;1;3;3;2;2;1;3;;;1;1;;;5;5;5;5;5;5;3;5;5;5;5;4;3;1;1;1;1;2;3;2;2;2;2;2;2;2;3;2;2;3;3;3;1;2;3;3;3;3;;;5;2;5;5;5;2;2;5;3;3;4;2;4;1;1;2;1;1;;;;;;;8;0;0;0;0;0;0;0;0;0;0;0;0;1;0;0;0;0;0;0;0;;5;5;;;;5;7;7;7;7;2;2;2;4;4;7;7;7;8;4;9;7;7;8;8;8;6;3;3;3;3;4;3;2;4;3;2;2;2;2;2;4;;2;2;1;1;2
843;817;4;7;1;Fine Gael Party;2;1;5;2014;1;0;0;0;0;0;0;0;0;0;0;1;3;3;3;3;3;3;3;3;3;1;0;0;0;0;0;0;;4;4;3;3;4;3;4;3;4;4;4;2;4;4;4;3;2;4;;;6;1;;;4;4;4;3;3;3;3;5;3;5;4;4;4;1;1;2;1;2;1;1;2;1;1;1;2;2;2;3;3;3;3;2;2;2;1;2;2;3;;;5;3;4;4;4;3;3;4;4;3;4;3;3;2;3;2;2;3;1;1;1;0;0;0;11;0;0;0;0;0;0;0;0;0;0;1;0;0;0;0;0;0;0;0;0;4;3;3;4;3;3;3;6;7;7;7;2;1;3;3;4;;;;;3;8;7;6;6;6;8;7;3;3;3;3;;;;;;;;;;;;;;;;;
844;818;4;7;2;Independent;2;1;7;2009;0;0;0;0;0;0;0;0;0;0;1;1;3;3;3;3;3;3;3;3;3;0;0;0;0;0;0;1;;5;4;;;4;4;4;4;4;4;4;;4;4;4;4;;4;;;1;3;;;5;5;5;5;5;5;5;5;1;5;1;5;5;1;1;1;1;2;1;1;3;6;6;2;2;2;2;2;2;2;2;2;2;2;2;2;2;2;;;4;1;4;1;3;3;1;4;3;5;5;5;5;3;5;3;1;3;1;1;1;1;1;1;8;0;0;0;0;0;0;0;1;0;0;0;0;0;0;0;0;0;0;0;0;5;5;5;5;1;1;5;1;;;1;1;1;3;3;4;8;;;8;3;9;9;11;11;11;11;5;1;1;1;1;;;;;;;;;;;;;;;;;
845;819;4;11;6;Lista Tsipras-L'Altra Europa;2;1;5;2014;0;0;0;0;0;0;0;0;0;0;1;3;3;3;3;2;2;3;3;3;3;0;0;0;0;0;0;0;Scrittore;;;;;;;;;;;;;;;;;;;;;;;;;;;;;;;;;;;;;;;;;;;;;;;;;;;;;;;;;;;;;;;;;;;;;;;;;;;;;;;;;;;;;;;;;;;;;;;;;;;;;;;;;;;;;;;;;;;;;;;;;;;;;;;;;;;;;;;;;;;;;;;;;;;;;;;;;;;;;;
846;820;4;11;12;Movimento 5 Stelle;2;2;7;2014;0;0;0;0;0;0;0;0;0;0;1;3;3;3;1;3;3;3;3;3;3;0;0;0;0;0;0;1;;5;1;2;1;2;2;1;4;1;2;1;1;1;1;1;1;1;4;;;11;3;;;5;5;5;1;3;5;5;5;5;5;5;5;5;1;4;5;2;4;5;3;3;2;4;3;4;5;5;3;3;4;5;3;3;2;5;3;6;5;;;5;1;1;1;1;1;1;3;1;4;4;4;4;4;5;4;2;4;0;1;0;0;0;1;3;0;0;1;0;0;0;1;0;0;0;0;0;0;0;0;0;0;0;0;0;1;5;5;3;1;4;1;;;;;1;1;3;2;3;1;1;1;1;4;9;9;11;11;7;11;4;2;2;1;1;1;5;2;4;4;2;3;5;1;1;2;1;1;1;1;1;4
847;821;4;11;12;Movimento 5 Stelle;2;1;5;2014;0;0;0;0;0;0;0;0;0;0;1;;;;;;;;;;;0;0;0;0;0;0;0;In linea con le regole del M5S, massimo 2 mandatie si torna ad essere cittadini non eletti;5;1;5;1;1;1;3;5;1;1;1;1;1;1;1;1;1;5;;;11;3;;;5;5;5;5;3;3;5;5;5;5;5;2;3;1;4;4;2;2;3;4;4;1;6;1;6;6;4;2;2;5;5;5;5;5;5;5;6;3;;;4;1;1;5;3;1;1;3;3;3;5;5;5;3;5;3;1;5;;;;;;;8;0;0;0;0;0;0;0;1;0;0;0;0;0;0;0;0;0;0;0;1;5;4;2;5;1;1;1;6;6;6;6;1;1;1;1;4;8;8;7;3;4;11;10;10;11;11;11;2;1;1;1;1;1;5;1;5;1;1;2;5;1;1;3;1;1;1;1;1;
848;822;4;11;12;Movimento 5 Stelle;2;2;5;2014;0;0;0;0;0;0;0;0;0;0;1;3;3;3;3;3;2;3;3;3;3;0;0;0;0;0;0;1;;4;3;3;1;3;1;1;5;1;1;1;1;1;1;1;1;1;;3;;11;3;;;5;5;5;5;5;5;5;5;5;5;5;2;5;1;1;6;6;5;5;2;2;3;3;3;5;5;5;3;3;3;4;3;4;4;4;4;5;4;;;4;1;1;5;5;1;1;1;1;4;1;5;5;3;3;2;2;5;;;;;;;7;0;0;0;0;0;0;1;0;0;0;0;0;0;0;0;0;0;0;0;0;5;5;5;5;1;1;;;;;;1;1;1;2;;1;1;1;1;5;9;9;9;9;9;9;1;1;1;1;1;1;5;1;5;1;1;4;5;1;1;2;1;4;1;1;1;4
849;823;4;11;12;Movimento 5 Stelle;2;2;5;2014;0;0;0;0;0;0;0;0;0;0;1;3;3;3;3;3;2;3;3;3;3;0;0;0;0;0;0;1;;5;3;3;1;3;1;3;5;2;1;1;1;2;5;1;5;1;5;;;4;3;;;5;5;4;4;4;2;2;5;5;5;5;3;1;1;3;3;2;6;6;3;6;2;2;6;6;4;6;3;2;5;6;5;4;5;5;5;6;5;;LGBT;4;1;1;4;1;1;1;4;1;3;5;2;4;3;5;2;2;5;0;1;0;1;1;1;15;0;0;0;0;0;0;0;0;0;0;0;0;0;0;1;0;0;0;0;0;5;3;5;1;1;1;1;4;;6;10;1;2;2;2;2;6;5;5;4;3;9;10;11;11;10;1;5;2;2;3;4;2;4;2;4;1;1;1;5;1;1;1;1;1;1;1;3;1
850;824;4;11;12;Movimento 5 Stelle;2;2;7;2014;0;0;0;0;0;0;0;0;0;0;1;;;;;;;;;;;0;0;0;0;0;0;1;;4;1;5;1;1;2;2;5;1;1;1;1;3;1;1;3;2;5;;;11;3;;;5;3;4;3;3;4;3;4;5;4;5;1;5;1;3;3;2;1;2;2;2;1;3;1;4;5;3;4;4;2;4;2;6;5;2;5;6;3;;;3;1;3;3;1;5;3;5;4;3;4;4;4;3;4;3;2;4;0;1;0;0;1;0;11;0;0;0;0;0;0;0;0;0;0;1;0;0;0;0;0;0;0;1;0;5;4;5;3;1;1;1;;;3;8;1;1;1;2;2;7;7;7;4;2;9;10;10;9;7;11;6;2;2;2;3;1;4;1;5;3;1;3;5;1;1;2;2;2;1;1;2;2
851;825;4;11;12;Movimento 5 Stelle;1;1;7;2014;0;0;0;0;0;0;0;0;0;0;1;;;;;;;;;;;0;0;0;0;0;0;1;;3;2;2;1;2;1;2;5;1;1;1;1;;1;1;1;1;5;;;6;3;;;4;3;4;4;4;1;3;3;3;5;3;1;1;1;1;1;1;5;1;2;2;1;;5;6;6;5;1;1;2;3;3;2;5;5;3;6;1;;;3;;;;;;;;;;;;;;;;;;;;;;;;;;;;;;;;;;;;;;;;;;;;;;;;;;;;;;;;;;;;;;;;;;;;;;;;;;;;;;;;;;;;;;;;;;;;;
852;826;4;11;1;Forza Italia;1;1;5;2006;0;0;0;0;0;0;0;0;0;0;1;1;3;3;3;1;3;3;3;3;3;1;0;0;1;0;0;0;;;;;;;;;;;;;;;;;;;;;;;;;;;;;;;;;;;;;;;;;;;;;;;;;;;;;;;;;;;;;;;;;;;;;;;;;;;;;;;;;;;;;;;;;;;;;;;;;;;;;;;;;;;;;;;;;;;;;;;;;;;;;;;;;;;;;;;;;;;;;;;;;;;;;;;;;;;;;;;
853;630;4;11;1;Forza Italia;2;1;7;2009;0;0;0;0;0;0;0;0;0;0;1;3;3;3;3;2;3;3;3;3;3;1;0;0;0;0;0;0;;3;2;2;4;5;5;5;5;5;2;4;3;5;3;3;1;1;3;2;;6;3;;;5;4;3;3;3;2;5;3;4;4;4;4;5;1;2;2;1;2;2;2;2;2;3;2;2;2;2;5;5;1;5;4;3;4;5;5;6;1;2;;3;2;2;2;2;3;3;3;2;2;3;4;4;1;2;2;2;2;0;1;0;0;0;0;1;0;0;0;0;0;0;0;0;0;0;0;0;0;0;0;0;1;0;1;0;5;3;3;3;3;3;3;8;10;11;8;2;1;1;4;2;11;9;7;10;5;1;1;1;11;11;1;1;3;1;1;3;2;1;2;1;1;1;2;1;2;3;1;1;1;1;1;1;4
854;827;4;11;1;Forza Italia;1;1;7;2014;0;0;0;0;0;0;0;0;0;0;1;1;3;3;3;3;3;3;3;3;3;0;0;0;0;0;0;0;I don't know;5;1;4;4;5;4;5;5;4;3;2;2;3;3;3;1;4;3;;;1;3;;;4;3;3;3;4;3;4;4;4;5;4;4;4;1;1;2;1;2;1;2;3;1;1;2;4;4;5;3;3;5;5;3;2;3;5;2;5;5;;;4;1;4;4;1;1;1;1;3;3;5;1;4;3;3;3;3;3;;;;;;;8;0;0;0;0;0;0;0;1;0;0;0;0;0;0;0;0;0;0;0;0;4;4;5;2;1;1;1;8;8;8;8;3;2;2;3;3;6;6;6;6;1;9;3;3;6;6;3;6;5;3;3;3;3;3;1;4;5;2;4;3;3;3;2;2;3;2;1;2;1
855;828;4;11;2;Partito Democratico;2;2;7;2004;0;0;0;0;0;0;0;0;0;0;1;1;3;1;3;3;2;3;3;3;3;0;1;0;0;0;0;0;;5;3;;2;4;4;3;4;4;5;3;2;4;5;4;1;2;5;3;Post, emails through friends, calls;6;3;;;5;5;3;5;4;1;5;4;2;4;2;5;5;1;2;2;2;1;1;2;2;3;3;3;3;3;5;5;3;3;3;3;2;3;;3;3;3;3;Humanist associations;4;2;5;3;5;;3;2;2;3;3;2;4;1;3;3;2;2;1;0;0;0;0;1;18;0;0;0;0;0;0;1;0;0;0;0;1;0;0;0;0;0;1;0;0;5;4;4;5;1;1;5;4;4;3;2;1;1;3;2;5;11;11;9;9;5;11;7;6;8;6;2;9;2;2;3;2;3;2;1;5;1;1;3;1;2;1;4;1;1;3;3;1;1
856;623;4;11;2;Partito Democratico;1;1;6;2009;0;0;0;0;0;0;0;0;0;0;1;1;3;3;3;2;3;3;1;3;3;0;0;0;0;0;0;1;;4;4;4;2;4;4;3;3;2;2;2;2;3;4;3;3;2;3;1;;9;3;;;4;5;4;2;2;3;4;4;3;4;3;3;3;1;2;2;1;3;2;2;2;1;1;1;1;2;2;2;2;3;2;3;2;2;3;2;3;2;6;;4;1;5;4;1;1;1;3;3;4;4;4;4;3;4;2;2;2;0;1;0;0;0;0;12;0;0;0;0;0;0;0;0;0;0;0;1;0;0;0;0;0;0;0;0;3;5;5;5;3;3;5;3;5;3;3;1;1;4;2;4;11;9;7;9;;6;7;8;9;10;5;4;1;2;2;1;1;2;1;4;2;2;3;2;3;3;3;1;1;2;2;1;1
857;621;4;11;2;Partito Democratico;1;2;6;2009;0;0;0;0;0;0;0;0;0;0;1;1;3;3;3;1;1;3;3;3;1;0;0;0;0;0;0;1;;5;1;4;1;4;3;4;4;3;1;1;3;4;1;3;1;1;1;;;6;3;;;5;4;5;5;4;4;4;4;5;4;4;4;5;1;1;5;1;2;1;2;3;5;5;2;4;4;4;3;3;3;2;3;4;4;4;4;4;2;;;5;1;4;4;5;3;1;2;4;2;4;2;4;2;4;4;2;4;0;1;0;1;0;1;10;0;0;0;0;0;0;0;0;0;1;0;0;0;0;0;1;1;0;0;0;4;4;2;4;2;1;5;1;;;3;1;1;2;1;4;11;9;8;9;4;9;9;10;10;9;1;1;1;1;1;2;1;4;1;5;1;2;2;5;1;1;2;1;1;1;1;1;1
858;829;4;11;2;Partito Democratico;1;2;5;2014;0;0;0;0;0;0;0;0;0;0;1;1;3;3;3;3;3;3;3;3;3;0;0;0;0;0;0;0;I do not know;5;2;5;1;4;4;2;4;2;4;1;1;5;4;4;1;1;5;;;4;3;;;3;5;4;2;3;1;4;3;3;4;4;4;3;1;1;5;3;2;1;2;3;2;1;1;3;3;3;3;3;4;5;3;5;4;5;5;6;1;;;5;2;4;4;2;4;2;4;3;2;3;3;5;2;5;4;2;3;0;1;0;0;0;1;11;0;0;0;1;0;0;0;0;0;0;0;0;0;0;0;0;1;0;0;0;2;3;3;4;5;5;1;4;5;4;5;2;1;3;1;4;11;7;8;9;3;7;7;8;9;9;1;5;1;1;2;1;3;2;1;5;1;2;3;4;4;4;4;1;1;2;1;1;1
859;830;4;11;2;Partito Democratico;1;1;2;2015;0;0;0;0;0;0;0;0;0;0;1;1;3;3;3;3;3;3;3;3;3;0;0;0;0;0;0;1;;5;4;4;4;4;3;4;3;5;4;2;2;3;3;5;4;4;4;2;;4;3;;;4;3;3;4;4;2;3;4;4;5;2;2;3;1;2;3;3;2;2;;3;1;4;1;3;3;4;2;4;4;3;1;2;2;3;4;4;2;;;4;2;5;5;3;2;;4;3;3;4;4;5;2;5;2;2;3;0;1;0;0;0;0;11;0;0;0;0;0;0;0;1;0;0;0;0;0;0;0;0;0;0;0;0;4;5;4;3;3;2;2;4;4;4;2;2;4;2;2;4;9;9;8;9;5;5;6;8;8;7;4;6;2;3;3;3;2;2;1;4;1;2;4;2;2;3;3;1;1;2;1;1;2
860;831;4;11;2;Partito Democratico;2;2;7;2014;0;0;0;0;0;0;0;0;0;0;1;;;;;;;;;;;0;0;0;0;0;0;0;Director of documentaries;5;5;4;2;;4;5;4;2;5;1;2;5;5;5;1;4;5;;;2;3;;;5;5;5;4;2;1;5;4;2;1;2;3;5;1;1;2;2;1;1;3;2;1;1;1;4;5;5;4;1;1;3;3;4;5;5;5;5;1;;;5;2;5;4;1;1;1;3;3;2;4;4;5;2;5;4;2;4;0;1;0;0;0;1;17;0;1;0;0;0;0;0;0;0;0;0;0;0;0;0;0;0;0;0;0;5;2;5;4;1;5;;2;3;3;5;1;1;4;2;5;11;11;9;10;;8;8;8;9;10;5;1;2;1;1;2;1;4;1;5;1;1;1;3;1;1;3;1;1;2;1;1;1
861;832;4;11;2;Partito Democratico;1;1;5;2014;0;0;0;0;0;0;0;0;0;0;1;1;3;3;3;3;3;3;3;3;3;1;1;1;0;0;1;0;;3;4;4;3;4;3;2;5;3;3;3;1;2;2;3;3;4;5;;;3;1;;;5;5;5;5;5;5;4;5;5;5;5;5;5;1;1;1;1;2;3;3;3;3;3;3;3;3;3;1;1;4;3;2;1;2;4;3;4;3;;;5;4;5;5;4;2;4;4;2;4;3;3;4;1;3;1;2;2;0;1;1;1;1;0;13;0;0;0;0;0;0;0;0;0;0;0;0;1;0;0;0;0;0;0;0;4;5;5;5;2;2;1;5;5;5;4;2;3;3;2;3;10;10;9;10;3;4;6;9;9;9;6;1;2;2;2;2;2;3;2;4;2;2;2;2;2;2;3;1;1;1;1;1;3
862;833;4;11;2;Partito Democratico;1;2;7;2014;0;0;0;0;0;0;0;0;0;0;1;;;;;;;;;;;1;1;1;0;1;1;0;;1;4;4;3;5;5;4;4;3;3;3;3;4;3;2;2;3;5;;;2;1;;;4;3;5;5;3;3;5;4;3;4;2;4;3;1;1;1;1;1;1;2;2;1;1;1;2;2;2;2;2;2;2;2;2;2;2;2;2;1;;;5;1;5;5;5;2;3;3;4;3;3;2;5;2;4;3;2;2;1;1;1;1;1;1;7;0;0;0;0;0;0;1;0;0;0;0;0;0;0;0;0;0;0;0;0;5;4;3;3;2;2;1;3;4;4;3;1;1;2;1;4;11;9;9;9;5;5;7;4;7;8;6;6;2;1;3;2;2;3;2;4;1;1;3;2;2;2;3;2;1;1;1;1;2
863;834;4;11;13;Lega Nord;1;1;6;2004;1;0;0;0;0;0;0;0;0;0;0;3;3;3;2;3;1;3;3;3;3;0;0;0;0;0;0;0;Sindaco;4;4;4;2;4;4;5;5;3;1;2;4;5;4;4;1;3;5;1;;9;3;;;;;;;;;;;;;;;;;;;;;;;;;;;;;;;;;;;;;;;;;;;;;;;;;;;;;;;;;;;;;;;;;;;;;;;;;;;;;;;;;;;;;;;;;;;;;;;;;;;;;;;;;;;;;;;;;;;;;;;;;;;;;;;;;;;;;;;;
864;835;4;13;3;Zaļo un Zemnieku savienīb;2;1;6;2014;1;0;0;0;0;0;0;0;0;0;0;3;3;3;3;2;3;3;3;3;3;1;1;0;0;1;0;0;;4;3;3;1;3;3;3;3;3;2;3;3;3;1;1;1;1;1;1;;6;1;;;3;3;4;4;4;4;4;5;5;5;4;3;4;1;2;3;3;2;2;4;5;2;2;1;3;2;4;2;4;4;3;3;3;3;3;3;4;4;;;4;2;1;3;2;1;2;;3;4;4;2;3;3;2;1;2;2;0;0;1;1;1;0;1;1;0;0;0;0;0;0;0;0;0;0;0;0;0;0;0;0;0;0;0;1;5;4;4;3;4;2;6;6;6;6;;;;;;6;5;5;9;4;10;10;10;10;8;9;3;3;3;3;3;4;3;4;3;2;3;3;5;1;5;3;2;2;2;2;3;1
865;648;4;13;1;"Partija ""VIENOTĪBA""";1;1;7;2009;1;1;0;1;0;0;0;0;0;0;0;3;3;3;2;3;2;3;2;3;3;1;0;0;0;0;0;0;;5;4;3;1;4;4;4;4;4;4;2;3;4;4;4;4;2;3;;;1;1;;;5;4;4;5;4;3;2;4;5;5;4;4;5;2;1;2;1;1;1;2;2;2;1;2;1;2;2;2;2;4;2;2;5;2;3;2;3;3;;;4;2;5;5;5;1;3;3;2;5;4;2;4;2;2;2;1;2;1;1;1;1;1;1;9;0;0;0;0;0;0;0;0;1;0;0;0;0;0;0;0;0;0;0;0;5;5;4;5;4;3;5;;;;;;;;;;;;;;;;;;;;;;;;;;;;;;;;;;;;;;;;;;
866;647;4;13;1;"Partija ""VIENOTĪBA""";2;1;6;2009;1;1;1;0;0;0;0;0;0;0;0;3;3;3;3;3;3;3;1;3;2;0;0;0;0;0;0;1;;4;1;;1;3;2;5;3;2;4;3;3;1;4;5;1;1;4;;;6;2;3;;5;3;5;4;4;1;3;5;5;5;2;4;3;2;2;5;1;1;2;3;2;1;2;3;3;3;5;5;4;4;6;3;2;5;5;5;6;2;1;Ārlietu loks;4;2;5;4;5;2;4;4;2;4;4;2;3;1;3;2;2;2;0;0;0;0;1;0;1;1;0;0;0;0;0;0;0;0;0;0;0;1;0;0;0;0;0;0;0;4;4;5;5;;;4;9;10;8;11;2;2;3;4;3;9;7;5;9;4;11;6;1;8;6;9;11;4;4;2;3;5;4;2;4;4;3;4;2;3;5;4;2;3;4;1;2;1
867;836;4;13;1;"Partija ""VIENOTĪBA""";1;1;6;2014;1;1;0;0;0;0;0;0;0;0;0;1;3;3;3;3;3;3;1;3;2;1;1;0;0;1;0;0;;;;;;;;;;;;;;;;;;;;;;;;;;;;;;;;;;;;;;;;;;;;;;;;;;;;;;;;;;;;;;;;;;;;;;;;;;;;;;;;;;;;;;;;;;;;;;;;;;;;;;;;;;;;;;;;;;;;;;;;;;;;;;;;;;;;;;;;;;;;;;;;;;;;;;;;;;;;;;;
868;837;4;14;3;Lietuvos Respublikos liberalų sąjūdis;1;1;7;2014;1;0;0;0;0;0;0;0;0;0;0;3;3;3;3;3;3;3;1;3;3;0;1;1;0;0;0;0;;3;4;4;4;3;4;4;4;4;2;3;1;3;4;4;4;3;4;;;9;1;;;5;4;5;5;3;3;5;5;5;4;4;4;3;1;2;3;1;1;2;3;2;2;2;3;3;2;3;3;2;2;3;3;3;2;3;2;3;1;;;5;2;2;2;4;4;3;4;2;5;2;3;4;1;1;4;1;1;0;0;1;0;0;1;1;1;0;0;0;0;0;0;0;0;0;0;0;0;0;0;0;0;0;0;0;5;4;5;5;3;4;5;9;8;8;7;3;2;3;4;3;11;8;9;9;5;8;9;7;6;7;9;9;3;2;2;2;5;5;2;3;2;1;4;1;4;4;5;2;1;1;1;3;3
869;652;4;14;1;Tėvynės sąjunga-Lietuvos krikščionys demokratai;1;1;5;2009;1;1;0;0;0;0;0;0;0;0;0;3;3;3;3;3;3;3;1;3;3;0;0;0;0;0;0;1;;3;4;4;4;4;4;4;4;2;2;2;4;4;4;4;2;2;4;4;;8;2;0;ISEINU I PENSIJA;5;3;3;5;5;2;5;5;;3;4;4;4;2;2;2;2;1;1;3;2;1;1;2;2;3;3;5;5;5;5;5;5;5;;5;5;5;;;3;2;5;4;2;2;2;4;2;3;3;4;4;1;1;4;1;2;0;1;0;1;0;0;9;0;0;0;0;0;0;0;0;1;0;0;0;0;0;0;0;0;0;0;0;5;3;5;5;2;2;2;9;9;9;9;1;3;2;2;3;9;9;9;9;5;9;7;6;8;8;5;9;2;3;2;2;4;2;3;4;3;2;3;3;3;3;3;1;1;1;1;1;1
870;838;4;14;4;Lietuvos valstiečių ir žaliųjų sąjunga;1;1;7;2014;0;0;0;0;0;0;0;0;0;0;1;3;3;3;3;3;3;3;2;1;3;0;0;0;0;1;0;0;;4;4;4;1;3;;5;3;1;4;5;5;4;3;4;1;1;4;;;10;3;;;5;5;5;4;5;2;5;5;4;4;3;4;3;1;2;5;1;2;1;2;3;1;1;2;2;2;5;3;2;4;2;2;2;3;3;5;5;3;;;4;2;5;2;1;1;2;4;2;4;3;3;4;2;2;3;2;4;0;0;1;1;0;0;13;0;0;0;0;0;0;0;0;0;0;0;0;1;0;0;0;0;0;0;0;5;5;4;4;1;4;1;;5;6;5;1;3;4;2;4;8;7;7;9;4;9;7;3;8;8;8;9;2;3;2;2;4;4;2;4;2;2;4;4;1;1;5;1;1;2;1;3;1
871;563;4;15;1;Parti chrétien social luxembourgeois;1;1;7;2009;0;0;0;0;0;0;0;0;0;0;1;;;;;;;;;;;0;0;0;0;0;0;1;;;;;;;;;;;;;;;;;;;;;;;;;;;;;;;;;;;;;;;;;;;;;;;;;;;;;;;;;;;;;;;;;;;;;;;;;;;;;;;;;;;;;;;;;;;;;;;;;;;;;;;;;;;;;;;;;;;;;;;;;;;;;;;;;;;;;;;;;;;;;;;;;;;;;;;;;;;;;;;
872;839;4;17;1;Partit Nazzjonalista;1;1;6;2004;0;0;0;0;1;0;0;0;0;0;0;3;3;3;2;3;2;3;2;3;1;0;0;0;1;1;0;0;;5;4;3;4;4;4;4;4;3;3;3;2;4;3;4;2;4;4;;;8;3;;;4;2;4;4;4;5;3;4;5;4;5;4;4;2;3;4;2;2;3;3;3;1;1;2;3;3;3;3;3;3;2;3;3;2;2;2;2;3;;;4;3;5;4;3;1;4;3;2;3;4;2;4;2;2;1;1;1;0;1;0;0;1;0;7;0;0;0;0;0;0;1;0;0;0;0;0;0;0;0;0;0;0;0;0;3;4;4;4;1;4;4;8;8;8;8;2;2;3;1;1;6;6;6;6;5;8;8;6;6;8;8;8;3;1;1;3;4;3;1;2;4;1;3;2;3;3;2;2;3;2;1;3;1
873;840;4;17;1;Partit Nazzjonalista;2;1;4;2013;0;0;0;0;0;0;0;0;0;0;1;3;3;3;3;2;2;3;3;3;3;1;0;0;0;0;0;0;;1;4;4;4;3;3;5;5;3;4;1;1;3;3;4;3;3;5;3;Instagram;3;1;;;5;4;4;3;4;5;3;5;5;5;5;4;3;1;1;2;1;2;1;2;3;1;1;1;2;2;2;2;2;2;2;2;3;2;2;2;2;2;2;Disability organisations;4;3;5;5;2;1;4;3;3;5;5;1;2;1;2;1;2;2;;;;;;;17;0;0;0;0;0;0;0;0;0;0;0;0;0;0;0;0;1;0;0;1;4;5;5;5;2;4;5;7;8;9;8;2;1;3;4;3;7;7;7;8;3;9;8;4;7;8;6;7;3;1;1;3;4;3;2;4;2;2;2;2;2;3;4;3;2;2;2;2;2
874;841;4;17;2;Partit Laburista;1;1;6;2014;1;1;0;0;0;0;0;0;0;0;0;3;3;3;2;3;3;3;3;3;3;;;;;;;;;4;4;4;4;4;3;5;3;1;3;3;4;2;4;4;5;2;3;;;6;3;;;4;5;5;4;3;3;3;5;5;5;4;3;4;1;1;2;1;2;1;2;2;1;2;2;2;2;2;4;3;3;2;2;2;2;3;2;2;2;1;;4;3;5;4;3;1;3;3;2;3;4;3;4;2;3;2;2;2;0;1;1;1;0;0;6;0;0;0;0;0;1;0;0;0;0;0;0;0;0;0;0;0;0;0;0;5;5;5;5;3;4;1;4;5;5;5;1;2;3;2;3;5;7;6;10;3;9;8;6;8;9;10;9;2;2;2;4;2;4;2;3;2;3;3;3;2;2;2;4;4;3;2;3;2
875;842;4;17;2;Partit Laburista;2;1;5;2014;0;0;0;0;0;0;0;0;0;0;1;;;;;;;;;;;1;1;0;0;0;0;0;;5;4;1;4;4;4;4;4;1;4;2;2;1;3;2;1;1;5;;;7;1;;;5;4;5;3;5;4;4;5;5;5;3;;5;1;2;2;3;1;1;2;2;1;3;3;3;4;4;4;1;4;3;;4;1;3;2;4;4;;;4;1;4;3;5;1;3;3;3;3;4;2;3;2;2;2;1;2;0;0;0;0;0;1;9;0;0;0;0;0;0;0;1;0;0;0;0;0;0;0;0;0;0;0;0;;;;;5;;;5;6;5;4;2;2;2;3;3;3;3;3;8;2;10;6;;;;;;1;1;1;5;;;1;;;;;;;;;;;;;;
876;843;4;18;6;Socialistische Partij;2;1;7;2015;0;0;0;0;0;0;0;0;0;0;1;1;3;3;3;3;3;3;3;3;3;0;0;0;0;0;0;0;Ik heb nog geen flauw idee.;2;4;4;1;3;1;4;4;1;1;1;1;1;1;1;1;2;2;3;;11;3;;;4;4;5;3;5;3;2;2;5;3;5;2;2;1;2;3;2;4;3;3;3;1;3;2;3;4;4;3;2;4;2;3;5;4;5;5;5;3;3;;4;4;1;4;1;1;1;3;3;4;4;3;5;5;5;3;3;5;1;1;1;1;1;1;3;0;0;1;0;0;0;0;1;0;0;0;0;0;0;0;0;0;0;0;0;2;5;3;5;1;4;3;1;1;1;2;1;1;4;1;4;3;3;3;7;3;11;11;10;10;10;10;2;4;4;2;2;1;2;2;3;3;3;4;5;1;1;3;4;2;1;1;3;2
877;844;4;18;5;ChristenUnie;1;1;7;2009;0;0;0;0;1;1;1;0;0;0;0;1;3;3;3;3;3;3;1;3;3;1;0;0;0;0;0;0;;;;;;;;;;;;;;;;;;;;;;;;;;;;;;;;;;;;;;;;;;;;;;;;;;;;;;;;;;;;;;;;;;;;;;;;;;;;;;;;;;;;;;;;;;;;;;;;;;;;;;;;;;;;;;;;;;;;;;;;;;;;;;;;;;;;;;;;;;;;;;;;;;;;;;;;;;;;;;;
878;845;4;18;1;Christen Democratisch Appèl;2;1;4;2007;0;0;0;0;0;1;0;0;0;1;0;3;3;3;2;3;3;3;3;3;3;0;0;1;0;0;1;0;-;2;2;2;1;3;4;5;3;3;2;1;1;3;3;4;3;1;3;;;8;3;;;4;4;4;3;2;3;4;2;4;4;4;4;3;1;2;2;1;1;3;3;2;1;2;2;4;4;3;3;2;3;3;3;2;2;4;3;2;3;;;5;2;5;3;1;2;2;3;2;4;3;2;4;1;2;4;2;3;0;0;1;0;0;1;6;0;0;0;0;0;1;0;0;0;0;0;0;0;0;0;0;0;0;0;0;3;5;2;4;2;3;1;8;9;9;9;3;3;2;3;2;6;5;4;5;4;10;4;3;5;6;4;8;3;4;4;1;5;3;2;3;3;2;4;3;2;3;4;2;4;1;1;2;2
879;846;4;18;1;Christen Democratisch Appèl;1;2;7;2014;0;0;0;0;0;1;0;0;0;0;0;3;3;3;2;3;3;3;3;3;3;0;0;0;0;1;0;1;;5;3;3;1;2;2;4;4;5;5;3;5;4;3;4;1;1;3;;;2;1;;;4;3;3;3;2;4;3;3;4;5;4;3;1;1;2;1;1;2;2;3;3;2;3;2;4;2;5;2;3;4;2;3;3;3;2;2;2;1;;;4;2;5;5;2;1;2;5;1;4;4;2;4;1;2;4;2;2;1;1;1;1;1;1;6;0;0;0;0;0;0;1;0;0;0;0;0;0;0;0;0;0;0;0;0;4;5;1;4;1;1;1;6;8;7;7;4;2;4;2;2;9;6;6;8;5;11;6;4;8;6;9;9;3;3;2;2;5;2;2;4;3;1;2;2;2;3;2;4;4;4;1;1;2
880;847;4;18;1;Christen Democratisch Appèl;1;1;1;2009;1;0;0;0;0;0;0;0;0;0;0;3;3;3;1;3;2;3;3;3;3;;;;;;;;;;;;;;;;;;;;;;;;;;;;;;;;;;;;;;;;;;;;;;;;;;;;;;;;;;;;;;;;;;;;;;;;;;;;;;;;;;;;;;;;;;;;;;;;;;;;;;;;;;;;;;;;;;;;;;;;;;;;;;;;;;;;;;;;;;;;;;;;;;;;;;;;;;;;;;;;;;;;;;
881;848;4;18;1;Christen Democratisch Appèl;2;1;5;2014;1;0;0;0;0;0;0;0;0;0;0;1;3;3;3;3;3;3;3;1;1;0;0;0;0;0;0;1;;2;4;4;2;5;2;5;5;5;3;5;5;5;5;3;5;1;5;2;;8;2;0;Niet van plan politiek actief te zijn na deze periode;5;3;5;5;4;4;3;4;4;4;3;5;2;1;1;1;1;3;2;2;4;1;3;3;4;3;3;3;2;4;5;2;1;3;5;5;6;6;6;;4;1;5;5;1;1;1;3;2;3;2;2;4;1;1;2;2;2;1;1;1;0;0;1;13;0;0;0;0;0;0;0;1;0;0;0;0;0;0;0;0;0;0;0;0;5;5;5;5;2;2;2;7;7;7;9;3;2;2;4;4;7;5;4;8;3;9;9;5;7;6;9;9;3;3;2;2;5;4;2;5;2;2;3;4;4;4;4;2;2;2;3;2;1
882;501;4;18;4;GroenLinks;2;1;7;2009;0;0;0;0;0;0;0;0;0;0;1;1;3;3;1;3;2;3;3;3;1;0;0;0;0;0;0;1;;2;3;4;2;2;2;5;5;2;2;2;2;1;2;3;2;1;5;3;;11;3;;;5;5;4;4;4;2;1;1;4;3;4;4;4;1;1;1;1;2;1;1;2;1;2;2;3;3;4;;4;3;4;2;5;5;5;3;3;1;2;;4;;;;;;;;;;;;;;;;;;;;;;;;;;;;;;;;;;;;;;;;;;;;;;;;;;;;;;;;;;;;;;;;;;;;;;;;;;;;;;;;;;;;;;;;;;;;;
883;849;4;18;2;Partij van de Arbeid;2;1;7;2014;0;0;0;0;1;1;0;0;0;0;0;;;;;;;;;;;0;0;0;0;0;0;0;Nog niet mee bezig;4;4;3;2;3;4;3;4;2;1;1;1;3;4;1;2;1;5;3;;10;3;;;5;2;4;4;2;3;3;4;5;3;5;2;2;1;2;4;1;1;2;2;2;2;2;2;2;3;5;6;6;3;3;3;6;6;6;6;6;1;;;4;2;5;5;1;2;4;4;3;2;5;2;4;1;3;2;2;4;0;0;0;0;0;1;;1;0;0;0;0;0;0;0;0;0;0;0;0;0;0;0;1;0;0;0;5;3;4;5;1;1;1;4;5;6;3;1;1;5;1;4;8;8;7;10;5;11;9;4;6;6;1;6;2;1;1;1;1;4;2;4;2;5;5;3;2;2;2;2;5;2;1;2;1
884;850;4;18;13;Partij voor de Vrijheid;1;1;7;2014;1;0;0;0;0;0;0;0;0;0;0;3;3;3;3;3;2;3;3;3;3;1;0;0;1;1;0;0;;1;2;2;1;2;1;3;3;1;1;1;1;1;1;1;1;1;1;5;;11;3;;;1;1;1;5;1;2;1;5;5;3;5;4;1;1;3;3;2;2;3;4;4;1;2;1;5;5;5;6;6;6;6;6;6;6;6;6;6;6;6;;5;2;2;1;1;1;1;2;2;3;3;3;3;3;3;1;5;5;1;1;1;1;0;0;1;0;0;0;0;0;0;0;0;0;0;0;1;0;0;0;0;0;0;0;0;3;4;4;2;3;2;1;10;9;8;9;4;2;1;3;1;1;1;1;1;1;9;7;4;8;8;10;6;5;5;5;5;1;1;5;1;5;1;5;5;3;3;5;5;5;3;1;5;4
885;851;4;20;5;Prawo i Sprawiedliwość;2;1;6;2004;1;1;1;0;1;0;0;0;0;0;0;1;3;3;3;1;1;3;1;3;3;0;0;0;0;0;0;1;;;;;;;;;;;;;;;;;;;;;;;;;;;;;;;;;;;;;;;;;;;;;;;;;;;;;;;;;;;;;;;;;;;;;;;;;;;;;;;;;;;;;;;;;;;;;;;;;;;;;;;;;;;;;;;;;;;;;;;;;;;;;;;;;;;;;;;;;;;;;;;;;;;;;;;;;;;;;;;
886;852;4;20;1;Platforma Obywatelska;1;1;6;2004;0;1;0;0;0;0;0;0;0;0;0;3;1;3;3;2;3;3;3;3;3;1;0;0;0;0;0;0;;;;;;;;;;;;;;;;;;;;;;;;;;;;;;;;;;;;;;;;;;;;;;;;;;;;;;;;;;;;;;;;;;;;;;;;;;;;;;;;;;;;;;;;;;;;;;;;;;;;;;;;;;;;;;;;;;;;;;;;;;;;;;;;;;;;;;;;;;;;;;;;;;;;;;;;;;;;;;;
887;664;4;20;1;Polskie Stronnictwo Ludowe;1;1;6;2009;1;1;0;0;0;0;0;0;0;0;0;1;3;3;3;3;3;3;1;3;3;1;1;0;0;0;1;0;;3;2;4;1;3;4;5;3;5;5;5;5;5;5;3;3;1;4;1;;11;1;;;3;3;4;4;3;2;3;2;3;3;4;2;3;2;3;2;2;4;5;5;2;2;3;3;4;3;3;2;3;4;;5;6;1;2;3;4;5;6;;5;1;2;3;4;5;1;3;5;5;4;3;2;1;5;3;1;5;1;0;0;1;0;0;;1;0;1;0;0;0;0;1;0;0;0;0;0;0;1;0;0;0;0;0;3;2;1;1;2;3;4;7;7;7;7;3;3;3;3;3;11;11;11;11;5;11;11;11;11;11;11;;4;3;2;5;2;4;2;4;4;2;2;4;2;4;3;2;4;4;2;3;2
888;853;4;20;1;Platforma Obywatelska;1;1;7;2009;1;0;0;0;0;0;0;0;0;0;0;3;3;3;3;2;2;3;2;3;3;0;0;0;0;0;1;0;;4;1;3;1;5;3;4;4;3;1;3;3;3;5;5;5;5;5;5;otwarte spotkania z wyborcami;5;3;;;5;4;5;5;4;4;4;5;4;5;4;4;5;1;1;2;2;2;2;2;1;3;3;2;2;4;1;1;1;2;3;2;1;1;3;1;3;1;;;4;1;2;3;3;1;3;3;3;4;5;4;5;3;5;2;1;2;0;1;1;0;0;1;14;0;0;1;0;0;0;0;0;0;0;0;0;0;1;0;0;0;0;0;1;4;5;4;4;2;2;4;6;7;6;7;2;2;2;2;2;7;7;5;6;4;8;8;8;8;8;6;6;4;4;3;2;4;4;2;2;4;2;2;2;4;4;5;3;3;4;4;4;1
889;671;4;20;1;Platforma Obywatelska;2;1;7;2009;0;0;0;0;0;0;0;0;0;0;1;1;3;3;3;3;2;3;2;3;3;0;0;0;0;0;1;0;;4;5;4;3;4;3;4;3;4;1;3;4;4;3;3;2;2;4;;;8;2;0;Bo chcę zostać komisarzem;5;5;4;5;4;5;5;5;5;5;4;5;5;2;2;3;2;1;2;1;1;1;2;2;2;3;2;;;;;;;;;;;;;;5;1;5;5;4;1;1;3;3;2;4;3;3;3;2;2;1;3;0;0;1;0;0;0;8;0;0;0;0;0;0;0;0;0;1;0;0;0;0;0;0;1;0;0;0;5;5;5;5;4;3;4;6;6;6;7;2;5;3;1;5;11;11;10;10;5;8;8;7;7;6;5;5;2;2;1;2;4;2;1;5;1;1;1;2;2;4;4;2;3;3;4;2;1
890;854;4;20;1;Platforma Obywatelska;1;1;7;2014;1;1;0;0;0;0;0;0;0;0;0;1;3;3;3;3;3;3;1;3;3;0;0;0;0;0;0;1;;5;4;4;2;5;4;5;5;4;4;4;3;4;5;5;4;3;5;;;5;3;;;5;;4;4;4;3;5;5;3;3;3;3;3;1;1;6;1;2;2;2;2;1;1;1;1;1;2;3;4;4;3;1;5;4;4;2;2;1;1;stowarzyszenia twórcze;4;4;2;2;1;1;3;1;4;4;2;4;4;2;2;2;1;2;0;1;0;0;0;0;1;1;0;0;0;0;0;0;0;0;0;0;0;0;0;1;0;0;0;0;0;5;4;5;3;3;2;;6;5;6;7;5;3;4;4;;6;7;5;7;3;10;7;6;6;7;1;10;3;3;3;2;5;2;2;4;4;2;2;2;4;4;4;2;4;3;4;4;1
891;855;4;20;1;Platforma Obywatelska;2;1;5;2014;1;1;0;0;0;0;0;0;0;0;0;1;3;3;3;3;3;3;1;3;3;1;0;0;0;0;0;0;;5;5;4;1;3;2;4;2;3;2;3;3;4;;5;2;2;4;;;6;1;;;5;5;5;5;3;1;5;5;3;3;4;4;3;1;2;6;1;2;1;3;3;1;2;1;1;2;5;6;;4;4;4;4;3;3;3;3;4;;;4;;;;;;;;;;;;;;;;;;;;;;;;;;;;;;;;;;;;;;;;;;;;;;;;;;;;;;;;;;;;;;;;;;;;;;;;;;;;;;;;;;;;;;;;;;;;;
892;856;4;20;1;Niezależny;1;1;7;2014;0;0;0;0;0;0;0;0;0;0;1;;;;;;;;;;;0;0;0;0;1;0;0;Minister Sportu w rządzie krajowym / Komitet Olimpijski;4;1;4;1;5;3;4;3;4;1;4;4;4;1;1;1;1;4;1;;1;3;;;5;5;5;5;5;3;5;5;3;5;3;5;5;2;2;1;2;1;1;2;2;2;2;2;2;3;3;3;3;3;5;3;5;2;5;2;5;2;2;;4;5;5;5;1;1;3;3;3;2;4;4;2;2;2;2;2;2;0;1;0;0;1;1;15;0;1;0;0;0;0;0;0;0;0;0;0;0;0;1;0;0;0;0;0;5;3;5;5;1;5;1;6;8;6;8;2;2;2;1;5;11;11;11;11;5;8;8;3;7;9;6;11;5;2;2;2;5;4;2;5;2;1;2;2;2;4;4;2;2;2;4;2;1
893;857;4;20;2;Sojusz Lewicy Demokratycznej;2;1;5;2014;1;1;0;0;0;0;1;0;1;1;0;3;3;3;3;3;3;3;1;3;1;0;0;0;0;0;0;1;;5;4;3;3;3;3;4;4;4;2;3;4;2;4;3;3;3;4;;;6;2;0;Kończę działalność publiczna;5;5;4;4;3;2;4;5;4;4;4;4;4;1;2;6;2;1;1;5;5;3;3;2;2;6;6;;;3;2;3;;5;;;;2;;;4;2;3;2;1;1;2;1;1;4;4;2;4;2;2;2;2;4;0;0;0;0;1;0;;0;0;0;0;0;0;0;0;1;0;0;0;0;0;1;0;0;0;0;0;4;4;5;3;1;1;1;4;5;4;4;1;1;1;1;5;11;9;9;9;3;8;4;4;4;3;1;9;1;1;1;;5;4;1;5;2;5;1;4;1;1;2;1;1;1;3;2;1
894;858;4;20;12;Kongres Nowej Prawicy;1;1;5;2014;0;0;0;0;0;0;0;0;0;0;1;;;;;;;;;;;1;0;0;0;0;0;0;;2;3;3;1;2;1;3;3;4;3;2;3;3;2;2;1;1;1;;;11;1;;;3;5;3;1;2;3;1;5;4;4;4;1;1;1;3;4;2;1;1;3;3;1;1;3;3;4;2;3;6;6;6;6;4;3;4;4;6;6;;;4;1;1;2;1;1;1;1;2;1;4;2;4;4;3;1;2;2;0;0;0;0;1;0;10;0;0;0;0;0;0;0;1;0;1;0;0;0;0;0;0;0;0;0;0;5;5;4;2;2;2;1;10;10;10;8;5;5;2;5;2;2;2;2;3;3;9;11;10;10;10;6;6;5;5;5;5;5;5;5;1;5;5;3;4;2;2;2;4;4;2;2;4;4
895;859;4;21;6;Partido Comunista Português;1;1;7;2014;0;0;0;0;0;0;0;0;0;0;0;1;3;3;3;3;3;3;3;3;3;1;0;0;0;0;0;0;;1;5;5;1;5;1;4;5;4;1;1;1;1;1;1;1;3;4;;;11;1;;;5;5;5;5;1;1;1;5;5;5;5;3;3;1;1;6;6;6;6;6;5;1;1;4;6;6;6;3;2;3;2;2;2;3;3;3;6;5;;;4;5;5;5;5;1;1;2;2;4;4;2;4;2;2;1;2;2;0;0;1;0;0;0;6;0;0;0;0;0;1;0;0;0;0;0;0;1;0;0;0;0;0;0;0;4;4;4;4;4;5;1;1;1;1;4;1;2;3;1;5;1;1;;3;1;11;11;11;11;11;11;1;5;5;2;5;1;3;5;1;1;5;5;5;1;1;1;5;5;5;5;5;4
896;860;4;21;3;Independente;1;1;7;2014;0;0;0;0;0;0;0;0;0;0;1;1;3;3;2;3;2;3;3;3;1;0;0;0;0;0;0;0;Funções de natureza cívica e humanitária e direitos humanos;5;4;4;1;4;1;4;4;3;1;1;5;4;4;1;3;1;1;;;1;3;;;1;1;1;2;1;1;5;1;1;1;1;1;4;1;2;5;1;2;1;2;5;1;1;2;5;4;5;2;2;2;3;2;3;3;3;3;5;2;;;5;1;5;1;1;1;1;5;4;5;5;1;5;1;1;5;1;4;;;;;;;18;0;0;0;0;0;0;0;0;0;0;0;0;0;1;0;1;0;0;0;0;1;4;4;4;2;2;;3;6;6;7;1;1;4;2;4;11;11;6;6;1;10;8;7;10;4;9;1;1;5;1;1;5;5;1;5;2;1;4;4;4;4;1;1;1;1;1;2;1
897;861;4;21;3;Partido da Terra;1;1;7;2014;0;0;0;0;0;0;0;0;0;0;1;1;3;3;3;3;3;3;3;3;3;;;;;;;;;4;1;4;1;4;3;4;4;3;4;1;4;3;2;3;4;1;4;1;;11;3;;;;;;;;;;;;;;;;;;;;;;;;;;;;;;;;;;;;;;;;;;;;;;;;;;;;;;;;;;;;;;;;;;;;;;;;;;;;;;;;;;;;;;;;;;;;;;;;;;;;;;;;;;;;;;;;;;;;;;;;;;;;;;;;;;;;;;;;
898;862;4;21;1;Partido Social Democrata;1;1;6;2014;0;0;0;0;0;0;0;0;0;0;0;1;3;3;3;3;3;3;3;3;3;0;0;0;0;0;0;1;;;;;;;;;;;;;;;;;;;;;;;;;;;;;;;;;;;;;;;;;;;;;;;;;;;;;;;;;;;;;;;;;;;;;;;;;;;;;;;;;;;;;;;;;;;;;;;;;;;;;;;;;;;;;;;;;;;;;;;;;;;;;;;;;;;;;;;;;;;;;;;;;;;;;;;;;;;;;;;
899;863;4;21;1;Partido Social Democrata;2;1;7;2014;0;0;0;0;0;0;0;0;0;0;1;;;;;;;;;;;1;0;0;0;0;0;0;;2;2;2;1;4;4;5;4;1;2;1;1;2;4;2;1;1;4;;;6;3;;;4;4;5;4;5;4;4;5;5;5;5;4;4;1;1;1;2;1;1;4;2;2;2;2;2;2;5;4;3;3;3;3;2;2;3;2;3;2;;;4;1;5;3;5;1;2;5;3;3;5;2;5;1;2;1;1;2;0;0;1;0;0;1;7;0;0;0;0;0;0;1;0;0;0;0;0;0;0;0;0;0;0;0;0;5;5;5;5;1;4;;7;8;7;9;3;3;3;1;5;3;3;3;3;5;10;9;10;10;10;10;8;3;3;2;2;2;4;2;5;2;4;4;2;4;4;2;2;2;2;3;4;1
900;450;4;21;2;Partido Socialista;2;1;12;2004;0;0;0;0;0;0;1;0;0;0;0;3;3;3;3;1;3;3;3;3;3;0;0;0;0;1;0;0;;4;;;;;;;;;;;1;;;;;;;;;4;2;3;;;;;2;;;;;;;2;;;;;;;;2;;;;;;;;;;;;;;;;;1;;;;;5;;;;;;;;;;;;;;;;;;;;;;;;;;;;;;;;;;;;;;;;;;;;;;;;;;;;;;;;;;;;;;;;;;;;;;;;;;;;;;;;;;;;;;;;;;;;;
901;864;4;21;2;Partido Socialista;1;1;7;2015;1;1;0;0;0;0;0;0;0;0;0;1;3;3;2;2;2;3;3;3;3;0;0;0;0;0;0;1;;3;5;4;1;4;4;4;4;1;1;1;1;3;4;1;4;4;;;;10;3;;;4;4;4;4;4;2;3;4;3;4;4;4;3;1;1;1;1;1;1;2;2;1;1;1;2;2;2;2;2;2;2;2;3;2;3;3;3;2;;;4;2;4;4;1;1;1;3;2;5;4;3;4;2;4;2;2;2;0;1;1;0;0;1;9;0;0;0;0;0;0;0;0;1;0;0;0;0;0;0;0;0;0;0;0;3;3;5;4;2;3;;4;5;4;5;2;2;3;1;4;11;11;11;9;5;9;9;6;9;8;9;9;2;3;3;2;2;2;2;4;2;2;2;2;4;4;2;1;1;2;2;2;1
902;865;4;21;2;Partido Socialista;2;1;7;2014;0;0;0;0;0;0;0;0;0;0;0;;;;;;;;;;;0;0;0;0;0;0;0;Investigação;1;3;4;3;4;3;4;4;5;4;1;4;2;4;4;2;3;4;;;8;2;0;Tenho carreira académica consolidada;5;5;5;5;4;2;5;4;3;3;3;3;4;1;2;2;3;2;1;3;3;2;2;2;4;4;4;3;2;1;3;2;3;3;3;2;4;1;;;4;1;5;5;5;1;1;1;5;3;1;4;5;3;5;2;1;1;0;0;0;0;0;1;12;0;0;0;0;0;0;0;0;0;0;0;1;0;0;1;0;0;0;1;0;5;5;5;5;1;1;1;3;5;4;6;1;1;4;1;5;11;8;7;9;5;11;10;11;10;11;8;1;1;1;1;1;2;4;1;5;1;1;4;2;5;5;4;1;2;2;1;1;1
903;686;4;22;3;Partidul Naţional Liberal;2;1;7;2009;1;1;0;0;0;0;0;0;0;0;0;3;3;3;1;1;3;3;1;1;3;1;1;0;0;0;0;0;;4;3;2;3;3;3;4;4;4;4;3;3;4;4;4;3;2;4;;;3;3;;;5;4;5;4;4;3;4;5;4;5;1;4;5;1;2;3;1;2;1;2;3;2;6;2;2;3;2;3;3;2;3;2;1;3;3;3;4;2;;;4;1;3;1;3;3;3;1;4;4;4;2;4;;4;2;1;2;1;0;1;0;0;0;1;1;0;0;0;0;1;0;0;0;0;0;0;0;1;0;0;0;0;0;0;1;4;4;4;2;1;4;6;7;6;7;2;3;2;4;4;9;;9;9;1;8;7;6;6;6;5;7;3;3;3;2;4;3;2;4;3;2;2;3;2;5;3;2;2;2;4;2;1
904;685;4;22;1;Partidul Naţional Liberal;1;1;1;2007;1;0;0;1;0;0;0;0;0;0;0;;;;;;;;;;;0;0;0;0;0;0;1;;4;4;5;;3;3;4;3;5;1;4;3;5;5;3;4;1;3;;;9;3;;;5;3;5;4;3;5;5;1;3;5;4;4;2;1;1;1;1;1;1;1;1;1;1;1;3;4;2;3;3;4;3;2;3;1;1;3;4;3;;;4;2;5;5;5;2;2;4;2;2;5;3;3;1;5;1;1;1;1;0;0;0;0;0;11;0;0;0;0;0;0;0;0;0;0;1;0;0;0;0;0;0;0;0;0;1;5;5;5;1;1;4;9;9;7;10;4;5;3;1;1;11;9;6;9;1;11;6;6;11;6;3;11;4;5;3;1;5;1;1;5;5;1;1;1;4;5;5;1;1;1;5;5;1
905;680;4;22;1;Partidul Naţional Liberal;1;2;11;2007;0;0;0;0;0;0;0;0;0;0;0;1;3;3;3;3;1;3;2;3;2;1;0;0;0;0;0;0;;2;3;4;4;4;4;5;5;4;5;4;4;3;5;2;3;4;5;;;6;3;;;5;4;4;4;4;3;4;5;4;4;5;4;4;1;2;2;1;2;1;2;2;1;1;1;2;2;2;2;3;3;3;1;3;3;4;4;4;2;;;4;3;5;4;5;4;4;5;3;4;3;2;3;2;2;2;2;1;0;1;1;0;0;0;8;0;0;0;0;0;0;0;1;0;0;0;0;0;0;0;0;0;0;0;0;4;4;5;4;3;2;3;8;8;8;10;3;4;4;4;4;10;9;9;8;4;10;8;9;8;6;6;10;2;1;2;3;3;2;2;2;4;2;4;2;4;4;5;2;2;3;2;3;1
906;866;4;22;1;Uniunea Democrată Maghiară din România;1;1;12;2007;1;0;0;0;0;0;0;0;0;0;0;3;3;3;3;3;3;3;1;3;3;1;0;0;0;0;0;0;;4;5;3;3;4;4;4;4;2;4;3;4;3;4;3;4;2;4;;;5;1;;;3;1;5;3;3;1;3;3;5;5;5;4;3;1;1;2;1;2;2;;6;2;2;3;3;3;6;3;3;3;3;3;3;3;3;5;6;2;;;4;2;5;4;3;1;3;5;3;5;;1;5;1;1;1;2;2;0;0;1;1;0;0;17;0;0;0;0;0;0;0;0;0;0;0;0;0;0;0;0;1;0;0;0;3;5;4;;1;1;4;6;6;5;6;2;5;3;4;2;9;9;9;7;4;9;9;9;4;1;1;9;2;2;1;1;4;4;2;3;2;1;2;3;2;1;4;2;2;4;1;1;1
907;867;4;22;1;Uniunea Democrată Maghiară din România;1;2;11;2007;1;1;0;0;0;0;0;0;0;0;0;1;3;3;3;2;3;3;2;3;2;1;0;0;0;1;0;1;;2;2;4;2;2;3;5;5;2;5;1;1;3;5;4;1;2;5;;;10;3;;;3;3;2;4;4;3;4;4;5;5;5;5;4;1;1;1;1;2;2;1;2;1;2;1;2;3;2;2;2;2;2;1;3;1;3;1;2;2;;;4;2;5;4;2;3;3;5;5;5;4;4;4;1;2;2;1;1;1;1;1;0;0;0;3;0;0;1;0;0;0;0;0;0;0;0;1;0;0;0;0;0;0;0;0;1;5;5;5;1;1;5;9;9;10;9;2;3;4;4;4;11;9;8;10;3;11;9;8;9;5;8;11;3;2;3;2;2;4;2;2;2;2;;2;2;4;2;1;1;2;2;2;1
908;868;4;22;1;Partidul Naţional Liberal;1;1;9;2009;0;0;0;0;0;0;0;0;0;0;1;1;1;1;1;1;1;1;1;1;1;0;0;0;0;0;0;1;;;;;;;;;;;;;;;;;;;;;;;;;;;;;;;;;;;;;;;;;;;;;;;;;;;;;;;;;;;;;;;;;;;;;;;;;;;;;;;;;;;;;;;;;;;;;;;;;;;;;;;;;;;;;;;;;;;;;;;;;;;;;;;;;;;;;;;;;;;;;;;;;;;;;;;;;;;;;;;
909;688;4;22;1;Independent;1;1;7;2009;0;1;0;0;0;0;0;0;0;0;0;3;3;3;3;2;2;3;3;3;3;0;0;0;0;1;0;0;;4;2;4;2;2;4;4;4;2;2;2;2;3;3;2;3;2;3;1;;6;3;;;4;4;3;3;4;3;5;3;1;1;1;3;;3;1;1;2;1;1;2;2;6;6;6;6;6;2;6;2;2;6;2;6;6;6;6;6;1;1;Ambasadori;4;1;5;5;5;2;2;2;2;4;5;5;4;2;4;5;1;1;0;1;1;0;0;0;1;1;1;0;0;0;0;0;0;0;0;0;0;0;0;0;0;0;0;0;0;5;1;5;5;1;1;5;6;7;7;8;4;3;2;4;3;9;10;11;4;2;10;5;5;5;5;5;10;4;3;5;2;5;4;4;4;2;2;4;1;4;4;5;1;1;1;5;2;1
910;869;4;22;1;Partidul Mișcarea Populară;1;1;7;2014;0;0;0;0;1;1;0;0;0;0;0;3;3;3;3;2;3;3;3;3;3;;;;;;;;;;;;;;;;;;;;;;;;;;;;;;;;;;;;;;;;;;;;;;;;;;;;;;;;;;;;;;;;;;;;;;;;;;;;;;;;;;;;;;;;;;;;;;;;;;;;;;;;;;;;;;;;;;;;;;;;;;;;;;;;;;;;;;;;;;;;;;;;;;;;;;;;;;;;;;;;;;;;;;
911;870;4;22;1;Partidul Naţional Liberal;1;1;7;2014;1;0;0;0;0;0;0;0;0;0;0;1;3;3;3;3;3;3;2;3;3;1;0;0;0;0;0;0;;4;5;4;4;4;4;4;4;4;4;4;4;4;4;4;4;4;4;;;6;1;;;5;4;5;5;5;5;4;5;5;5;5;5;4;1;2;2;2;1;1;2;2;2;2;2;3;3;3;2;2;2;2;2;2;2;2;2;2;2;;;4;4;5;4;4;2;1;2;3;3;4;2;2;2;3;1;1;3;1;1;1;0;0;0;13;0;0;0;0;0;0;0;0;0;0;0;0;1;0;0;0;0;0;0;0;5;5;5;5;1;1;1;10;10;10;10;2;5;3;2;4;11;11;11;11;5;10;4;4;8;4;4;8;2;1;1;3;3;2;3;4;3;2;3;2;2;4;3;2;3;3;2;3;1
912;871;4;22;2;Partidul Social Democrat;1;2;1;2007;0;1;0;1;0;0;0;0;0;0;0;3;3;3;3;2;2;2;2;3;3;;;;;;;;-;3;4;4;;2;3;4;3;3;2;1;1;3;2;2;2;2;3;;;5;3;;;5;4;5;5;5;5;4;5;4;5;4;4;4;1;1;3;1;1;1;1;2;1;1;1;3;2;3;6;5;5;2;6;6;6;6;6;6;1;;;4;4;5;5;5;3;2;5;;3;2;3;;1;1;2;2;2;0;0;1;0;0;1;1;1;0;0;0;0;0;0;0;0;0;0;0;0;0;0;0;0;0;0;0;;4;5;5;;;;1;1;1;1;2;3;2;3;3;;;;;3;9;7;9;9;;6;7;;;;;;;;;;;3;2;2;4;4;;;;;;
913;872;4;22;2;Partidul Social Democrat;2;1;1;2007;1;1;0;1;0;0;0;0;0;0;0;3;3;3;3;2;3;3;1;3;3;1;1;0;0;0;0;0;;2;1;5;2;5;5;5;5;1;3;1;1;1;2;4;1;1;4;;;9;1;;;5;4;5;5;5;4;5;5;5;4;4;4;5;2;1;1;3;2;2;3;3;2;2;3;2;2;3;2;1;1;2;2;1;2;3;3;3;4;;;4;2;3;2;1;1;2;4;2;2;3;3;4;;;;;;;;;;;;;0;0;0;0;0;0;0;1;0;0;0;0;0;0;0;0;0;0;0;0;;;;;;;;3;3;2;3;1;2;3;2;4;9;8;8;10;4;10;7;6;10;8;2;10;1;2;1;2;3;4;2;5;1;1;4;3;1;1;4;1;1;1;1;1;1
914;873;4;22;2;Partidul Conservator;2;2;7;2014;1;1;0;0;0;0;0;0;0;0;0;3;3;3;3;3;3;3;1;1;1;0;0;0;0;0;0;0;Social and educational projects through the ''Hope for You'' Foundation;4;4;3;1;3;2;4;4;2;3;3;2;5;4;3;3;1;3;3;;6;3;;;5;3;5;5;3;4;4;5;5;5;3;3;5;1;1;3;2;1;2;;2;1;1;3;3;2;3;3;3;2;3;2;3;2;2;2;3;3;;;4;1;5;1;5;1;2;1;3;4;4;3;4;2;4;2;2;2;1;1;1;0;0;0;10;0;0;0;0;0;0;0;0;0;1;1;0;0;0;0;0;0;0;0;0;;;5;4;1;1;;6;6;5;2;1;4;2;3;4;6;6;6;7;3;8;4;1;3;3;4;8;4;2;2;5;1;4;2;4;1;2;1;3;4;4;3;1;2;4;2;2;1
915;874;4;22;2;Partidul Social Democrat;1;2;5;2014;0;0;0;0;0;0;0;1;0;0;0;;;;;;;;;;;0;0;0;0;0;1;1;private sector;4;1;1;1;1;5;5;5;4;3;1;1;1;3;3;3;1;3;;;6;2;0;"distaste for partisan politics; though not for policy-making in the Commission";4;4;5;5;4;5;5;5;5;3;3;3;5;2;2;3;3;3;3;2;3;2;3;3;5;3;5;1;2;5;2;3;6;2;6;1;3;2;;;4;3;5;3;1;1;3;5;2;2;4;2;1;2;3;3;1;1;1;0;1;0;0;0;3;0;0;1;0;0;0;0;0;0;0;0;0;0;0;0;0;0;0;0;0;4;3;5;5;1;2;1;5;5;4;4;2;2;3;2;3;9;10;10;11;2;11;6;7;7;;5;10;3;2;3;2;4;2;2;5;1;1;5;1;2;5;5;1;1;2;3;2;1
916;875;4;24;5;Konzervatívni demokrati Slovenska, Občianska konzervatívna strana;2;1;7;2014;1;0;0;0;0;0;0;0;0;0;0;3;3;3;3;3;3;3;2;3;3;0;0;0;0;0;0;1;;5;5;;;;;;;2;;;;;;;3;;4;;;5;3;;;3;2;5;3;4;5;5;4;3;1;3;3;4;1;1;2;1;1;1;;3;1;1;1;2;2;2;2;5;2;4;2;5;5;5;5;5;1;5;školská komunita;4;3;5;2;1;1;3;3;2;2;5;3;4;3;3;2;2;2;0;0;1;0;1;0;7;0;0;0;0;0;0;1;0;0;0;0;0;0;0;0;0;0;0;1;0;5;4;4;5;1;1;1;10;10;7;10;3;4;3;2;4;6;6;6;6;5;10;4;2;4;4;6;11;3;2;3;3;5;3;4;4;3;2;4;2;3;4;4;4;4;3;3;2;2
917;876;4;24;5;OBYČAJNÍ ĽUDIA;1;1;7;2014;1;0;0;0;0;0;0;0;0;0;0;3;3;3;2;3;3;3;3;3;3;1;0;0;1;1;0;0;;5;1;3;5;1;3;4;5;3;4;3;3;4;4;4;4;3;4;;;7;3;;;4;4;5;3;3;2;1;3;3;2;3;4;2;1;2;2;2;2;2;3;3;1;1;2;4;4;4;3;3;3;4;3;4;4;4;4;5;2;;;4;3;5;2;1;1;1;5;4;2;3;3;4;2;2;2;2;2;0;0;0;0;0;1;17;0;0;0;0;0;0;0;0;0;0;0;0;0;0;0;0;1;0;0;0;5;5;3;5;1;1;1;9;9;8;9;1;5;1;3;3;3;3;2;3;4;10;8;8;9;8;9;6;3;4;3;3;4;2;4;3;4;2;3;2;2;;3;2;3;4;3;2;2
918;877;4;24;5;Sloboda a Solidarita;1;1;7;2015;1;0;0;0;1;0;0;0;0;0;0;3;3;3;3;3;3;3;1;3;3;0;0;0;0;1;0;0;;;;;;;;;;;;;;;;;;;;;;;;;;;;;;;;;;;;;;;;;;;;;;;;;;;;;;;;;;;;;;;;;;;;;;;;;;;;;;;;;;;;;;;;;;;;;;;;;;;;;;;;;;;;;;;;;;;;;;;;;;;;;;;;;;;;;;;;;;;;;;;;;;;;;;;;;;;;;;;
919;695;4;24;1;Kresťanskodemokratické hnutie;2;1;5;2004;1;0;0;1;1;0;0;0;0;0;0;1;3;3;2;1;3;3;1;3;3;0;0;0;0;0;0;1;;2;2;3;1;2;3;4;5;4;4;3;2;5;4;4;2;1;3;;;2;3;;;5;5;4;4;4;2;1;3;5;3;4;3;3;2;1;3;2;3;2;4;3;2;2;3;5;4;4;2;;4;5;3;5;4;6;4;6;2;;;4;1;5;2;1;1;2;3;2;3;3;3;4;2;2;2;2;2;0;0;1;1;0;0;9;0;1;0;0;0;0;0;0;1;0;0;0;0;0;0;0;0;0;1;0;5;5;4;4;1;1;3;8;9;8;7;3;5;3;4;2;6;6;5;8;1;10;3;1;3;1;7;11;4;5;3;3;4;4;4;2;4;4;4;2;3;3;4;4;4;4;4;3;3
920;694;4;24;1;Slovenská demokratická a kresťanská únia - Demokratická strana;1;1;7;2009;1;1;0;0;0;0;0;0;0;0;0;1;3;3;3;3;3;3;1;3;3;0;0;0;0;0;0;1;;4;2;3;;4;3;4;4;4;3;4;4;4;4;4;4;;4;;;1;3;;;4;4;4;3;3;4;3;3;4;5;4;3;3;1;3;2;2;2;2;2;2;3;3;3;2;2;2;2;4;3;5;4;4;3;4;3;4;2;2;;4;1;3;3;1;2;2;3;3;4;4;2;4;2;3;3;2;3;;;;;;;1;1;0;0;0;0;0;1;0;0;0;0;0;0;0;0;0;0;0;0;0;4;4;5;3;1;2;3;7;7;7;8;3;4;3;4;3;8;7;6;8;3;9;7;4;4;;7;9;2;3;2;2;4;3;2;3;3;2;4;2;4;2;4;2;3;2;2;2;1
921;878;4;24;1;Slovenská demokratická a kresťanská únia - Demokratická strana;1;1;7;2014;1;0;0;0;0;0;0;0;0;0;0;3;3;3;3;3;3;3;1;3;3;1;0;0;0;0;1;0;;2;1;4;4;3;3;5;4;4;4;4;4;5;5;4;4;3;5;;;3;1;;;5;4;4;5;3;5;4;5;3;4;3;5;4;1;1;1;1;1;2;2;2;2;2;2;3;3;3;2;3;3;4;2;4;2;5;4;4;5;;;4;1;5;4;1;1;2;2;3;2;4;4;4;1;2;3;2;2;0;1;0;0;0;0;10;0;0;0;0;0;0;0;0;0;1;0;0;0;0;0;0;0;0;0;0;5;5;5;5;2;2;2;10;10;9;9;4;4;2;4;2;8;8;7;9;3;10;10;6;5;5;11;11;5;3;4;3;5;2;2;2;3;2;5;1;4;4;5;3;2;2;1;4;1
922;472;4;24;2;SMER-Sociálna demokracia;2;1;5;2004;1;0;0;1;1;0;0;0;0;0;0;1;3;3;3;3;3;3;1;3;3;1;0;0;0;0;0;0;;4;;5;;;;5;;5;;;;5;;5;5;;5;;;6;3;;;;5;;5;;5;5;5;;;5;5;5;1;1;6;1;1;2;2;2;1;1;3;2;2;2;6;1;1;1;1;3;3;3;2;4;1;;;5;;5;1;5;1;;;;4;4;2;4;1;1;1;1;5;;;;;;;;0;0;0;0;0;0;0;1;0;0;0;0;0;0;0;0;1;0;0;0;5;5;5;5;1;1;5;1;1;1;1;1;1;1;5;4;11;11;11;11;5;11;11;11;11;11;11;11;3;2;1;2;4;3;1;3;1;1;3;1;2;2;4;1;1;1;1;1;1
923;470;4;24;2;SMER-Sociálna demokracia;1;1;7;2004;1;0;0;0;1;0;0;0;0;0;0;1;3;3;2;3;3;3;2;3;3;0;0;0;0;0;0;1;;4;1;4;1;1;1;3;3;3;1;3;1;3;3;1;2;1;2;1;;10;3;;;5;4;5;5;1;1;5;4;1;1;3;4;3;2;2;5;3;2;2;2;2;2;3;3;3;3;2;4;4;4;4;4;5;5;5;5;5;5;5;;4;2;4;4;4;4;2;2;1;4;3;4;3;2;3;4;1;3;0;0;1;0;1;1;4;0;0;0;1;0;0;0;0;0;0;0;0;0;0;0;0;0;0;0;0;;1;3;4;4;1;2;2;3;4;2;2;2;2;3;3;10;9;8;10;3;9;8;6;7;6;8;6;2;2;2;2;4;4;2;4;2;2;4;2;3;5;3;2;2;2;2;2;3
924;879;4;23;1;Slovenska ljudska stranka;1;1;7;2014;1;1;0;0;0;0;0;0;0;0;0;1;3;3;3;3;3;3;1;3;3;1;0;0;0;1;0;0;;4;4;3;2;2;4;5;4;3;3;4;3;4;5;3;3;3;5;;;7;3;;;;;;;;;;;;;;;;;;;;;;;;;;;;;;;;;;;;;;;;;;;;;;;;;;;;;;;;;;;;;;;;;;;;;;;;;;;;;;;;;;;;;;;;;;;;;;;;;;;;;;;;;;;;;;;;;;;;;;;;;;;;;;;;;;;;;;;;
925;880;4;23;1;Slovenska demokratska stranka;2;1;7;2014;1;1;0;0;1;0;0;0;0;0;0;1;3;3;3;3;3;3;2;1;3;1;0;0;0;0;0;0;;;;;;;;;;;;;;;;;;;;;;;;;;;;;;;;;;;;;;;;;;;;;;;;;;;;;;;;;;;;;;;;;;;;;;;;;;;;;;;;;;;;;;;;;;;;;;;;;;;;;;;;;;;;;;;;;;;;;;;;;;;;;;;;;;;;;;;;;;;;;;;;;;;;;;;;;;;;;;;
926;697;4;23;2;Socialni demokrati;2;1;7;2009;0;0;0;0;0;0;0;0;0;0;1;3;3;3;2;3;3;3;2;3;3;0;0;0;0;0;0;0;Deset je predolgo obdobje, da bi si upala z gotovostjo napovedovati.;5;1;2;1;4;4;5;5;4;3;2;2;4;4;2;4;5;5;;;6;3;;;5;5;5;5;4;4;5;5;4;4;4;4;4;1;2;3;1;1;1;2;2;2;1;2;2;2;3;3;3;3;3;3;4;4;4;4;4;2;;;4;2;5;1;2;3;2;4;3;1;3;3;3;2;1;2;1;2;0;1;1;0;0;1;17;0;0;0;0;0;0;0;0;0;0;1;0;0;0;0;0;1;0;0;0;5;5;5;5;1;1;5;3;4;4;3;3;1;2;4;4;9;7;7;10;4;11;6;4;10;10;7;3;2;1;1;2;3;2;1;3;1;2;4;3;2;2;3;4;2;2;1;2;2
927;881;4;9;6;PODEMOS;2;1;7;2014;0;0;0;0;0;0;0;0;0;0;1;;;;;;;;;;;0;0;0;1;1;0;0;;3;4;3;2;2;5;5;5;1;2;1;1;1;2;2;1;1;5;1;;9;3;;;;;;;;;;;;;;;;;;;;;;;;;;;;;;;;;;;;;;;;;;;;;;;;;;;;;;;;;;;;;;;;;;;;;;;;;;;;;;;;;;;;;;;;;;;;;;;;;;;;;;;;;;;;;;;;;;;;;;;;;;;;;;;;;;;;;;;;
928;882;4;9;3;Unión, Progreso y Democracia;1;1;9;2015;0;0;0;0;0;0;0;0;0;0;1;3;3;3;3;3;3;3;3;3;1;1;1;0;0;1;0;0;;4;;3;2;4;4;3;4;3;3;3;4;3;4;2;2;2;4;;;5;2;1;;5;4;3;4;3;3;5;4;5;4;4;3;3;2;2;3;2;2;2;3;5;6;6;6;6;;3;;;;;;;;;;;;;;5;2;4;4;2;1;2;2;2;5;4;2;4;1;1;2;1;1;0;1;1;0;0;1;6;0;0;0;0;0;0;1;0;0;0;0;0;0;0;0;0;0;0;0;0;4;4;5;4;2;2;1;4;5;6;7;1;2;2;2;2;3;5;6;5;4;11;10;9;11;9;10;10;1;2;3;1;4;1;1;4;2;1;1;1;1;3;4;1;2;2;4;1;1
929;883;4;9;3;Unión, Progreso y Democracia;2;1;5;2014;0;0;0;0;0;0;0;0;0;0;1;1;3;3;2;3;3;3;1;1;3;0;0;0;0;0;0;1;;1;1;3;3;4;4;5;4;3;2;1;1;2;3;2;3;1;4;;;11;3;;;5;5;5;5;5;5;5;5;5;5;5;5;5;1;1;1;1;1;1;3;3;1;1;2;3;3;6;3;3;1;2;2;3;2;4;3;3;1;;;4;3;5;3;3;1;1;4;1;2;5;2;4;2;5;2;1;2;0;1;0;0;0;0;17;0;0;0;0;0;0;0;0;0;0;0;0;0;0;0;0;0;1;0;0;2;3;1;4;1;1;1;4;4;4;6;2;2;3;2;4;4;4;4;4;3;10;9;9;11;11;5;2;1;1;1;2;4;4;1;5;1;1;2;3;1;1;5;1;1;1;1;1;4
930;884;4;9;3;Unión, Progreso y Democracia;2;1;6;2014;0;0;0;0;0;0;0;0;0;0;1;3;3;3;3;2;2;3;1;3;3;0;0;0;0;0;0;0;Agencia de Naciones Unidas;1;2;4;2;4;4;4;4;1;4;1;1;1;1;1;3;;5;1;;11;3;;;3;4;5;5;5;5;5;5;5;5;4;4;5;1;1;1;1;1;1;2;2;2;2;2;6;5;6;3;3;2;4;3;4;3;5;4;5;1;6;;4;3;5;4;4;2;2;3;2;4;4;2;4;1;3;2;1;2;1;1;1;1;1;1;2;0;1;0;0;0;0;0;0;0;0;0;0;0;0;0;0;0;0;1;1;5;5;5;5;2;2;1;6;6;5;7;1;1;1;2;3;8;8;8;8;3;11;9;8;9;9;8;10;2;1;1;1;4;4;1;5;3;2;1;2;4;4;2;1;1;1;1;1;1
931;885;4;9;3;Ciudadanos – Partido de la Ciudadanía;1;1;7;2014;0;0;0;0;0;0;0;0;0;0;1;;;;;;;;;;;0;0;0;0;0;0;1;;5;1;3;1;3;4;4;4;4;3;2;2;4;2;2;1;3;;2;;11;3;;;4;2;5;4;3;1;5;4;3;2;2;3;2;1;1;2;1;1;1;3;3;1;1;6;6;3;6;3;3;3;4;;3;2;4;4;3;2;;;4;3;5;3;3;1;2;2;3;4;5;3;5;3;5;3;4;2;0;0;1;0;0;1;9;0;0;0;0;0;0;0;0;1;0;0;0;0;0;0;0;0;0;0;0;1;3;4;5;2;3;1;6;6;6;6;4;2;3;2;3;11;11;11;11;3;9;10;9;10;7;10;10;1;1;3;1;2;3;1;4;;1;3;1;4;4;3;1;1;1;1;1;1
932;886;4;9;1;Partido Popular;1;1;6;2010;0;0;0;0;0;0;0;0;0;0;1;1;3;3;3;3;3;3;3;3;3;0;0;0;0;0;0;1;;3;2;3;1;4;4;5;5;3;4;3;3;2;2;3;2;2;5;1;;11;2;0;Me voy a jubilar;3;3;4;3;4;2;5;5;5;5;5;5;5;1;1;1;2;3;1;1;3;;2;2;3;2;5;2;2;2;2;2;2;2;2;2;2;2;;;4;1;5;5;5;1;1;1;1;1;2;1;2;1;3;2;1;3;0;0;1;0;0;0;3;0;0;1;0;0;0;0;0;0;0;0;0;0;0;0;0;0;0;0;0;1;3;3;5;3;3;1;6;8;9;8;3;2;2;3;2;8;8;7;8;3;8;9;9;9;9;9;9;2;2;3;3;3;2;2;2;2;1;3;1;2;3;5;1;1;1;1;1;1
933;715;4;9;1;Partido Popular;1;1;6;2009;0;0;0;0;0;0;0;0;0;0;1;2;3;3;3;2;2;3;3;3;3;1;0;0;0;0;0;0;;3;3;3;3;4;4;5;4;3;3;4;4;4;4;4;4;4;5;;;7;3;;;5;5;5;4;4;4;4;5;4;5;5;5;4;1;1;3;1;1;3;3;3;3;2;2;1;1;2;2;2;2;2;2;2;2;2;2;1;1;;;4;2;3;4;3;3;4;1;3;2;3;3;4;2;3;2;2;2;0;0;1;0;1;0;6;0;0;0;0;0;1;0;0;0;0;0;0;0;0;0;0;0;0;0;0;1;4;4;4;3;4;5;7;7;6;6;2;3;2;3;3;11;11;10;11;5;6;6;6;6;6;6;6;3;2;2;2;3;3;3;3;3;3;3;1;4;4;;2;2;2;2;2;1
934;887;4;9;1;Partido Popular;1;1;7;2009;1;1;0;0;0;0;0;0;0;0;0;1;3;3;3;1;2;3;3;3;3;0;0;0;0;0;0;1;;;;;;;;;;;;;;;;;;;;;;;;;;;;;;;;;;;;;;;;;;;;;;;;;;;;;;;;;;;;;;;;;;;;;;;;;;;;;;;;;;;;;;;;;;;;;;;;;;;;;;;;;;;;;;;;;;;;;;;;;;;;;;;;;;;;;;;;;;;;;;;;;;;;;;;;;;;;;;;
935;888;4;9;1;Unió Democràtica de Catalunya;1;1;7;2014;0;0;0;0;0;1;0;0;0;0;0;3;3;3;3;3;3;3;2;3;3;1;0;0;0;1;0;0;;4;2;4;1;4;3;5;5;5;3;1;1;5;5;3;5;3;5;;;8;1;;;5;4;3;3;3;4;4;5;5;5;5;5;5;1;1;1;1;1;2;2;2;1;1;1;4;3;4;4;3;4;4;4;3;2;2;2;4;2;;;4;2;4;3;4;2;1;3;3;2;3;2;5;2;4;4;2;2;0;0;0;0;0;1;9;0;0;0;0;0;0;0;1;0;0;0;0;0;0;0;0;0;0;0;0;1;4;3;4;3;3;3;6;7;8;8;4;4;2;2;4;11;11;8;8;5;8;5;4;3;3;8;8;4;4;3;4;4;4;2;4;2;2;3;2;2;2;3;3;1;3;5;5;1
936;889;4;9;4;Iniciativa per Catalunya Verds;1;1;7;2014;0;0;0;0;1;1;0;0;0;0;0;3;3;3;3;3;1;3;1;3;3;0;0;0;0;0;0;0;Diplomat which is my profession.;;;;;;;;;;;;;;;;;;;;;;;;;;;;;;;;;;;;;;;;;;;;;;;;;;;;;;;;;;;;;;;;;;;;;;;;;;;;;;;;;;;;;;;;;;;;;;;;;;;;;;;;;;;;;;;;;;;;;;;;;;;;;;;;;;;;;;;;;;;;;;;;;;;;;;;;;;;;;;
937;890;4;9;2;Partido Socialista Obrero Español;2;1;7;1999;1;0;0;0;0;0;0;0;0;0;0;3;3;3;1;2;1;3;1;1;3;0;0;0;0;1;0;1;;;;;;;;;;;;;;;;;;;;;;;;;;;;;;;;;;;;;;;;;;;;;;;;;;;;;;;;;;;;;;;;;;;;;;;;;;;;;;;;;;;;;;;;;;;;;;;;;;;;;;;;;;;;;;;;;;;;;;;;;;;;;;;;;;;;;;;;;;;;;;;;;;;;;;;;;;;;;;;
938;708;4;9;2;Partido Socialista Obrero Español;1;1;7;2009;0;0;0;0;0;0;0;0;0;0;1;1;3;3;3;3;3;3;3;3;3;0;0;0;0;0;0;1;;3;;;;;;;;;;;;;;;;;;;;10;2;0;retirarse;5;5;5;5;5;5;5;5;5;5;5;5;5;1;1;1;1;1;1;1;1;1;1;1;3;1;3;5;2;5;3;3;6;4;4;4;5;;1;;5;3;3;3;3;1;1;1;1;4;2;2;4;1;2;1;1;1;1;1;1;1;1;1;;0;1;0;0;0;0;0;0;0;0;0;0;0;0;0;0;0;0;0;0;2;2;2;2;;5;3;5;4;6;4;1;1;4;2;4;10;10;10;10;4;10;10;8;10;10;8;10;1;1;1;1;2;2;1;2;1;1;2;2;;;;1;1;1;1;1;1
939;891;4;9;2;Partido Socialista Obrero Español;2;1;7;2014;0;0;0;0;0;0;0;0;0;0;1;1;3;3;3;3;3;3;3;3;1;1;0;0;0;0;0;0;;2;3;4;3;4;2;5;5;2;2;1;2;3;5;3;4;4;4;;Encuentros con colectivos, asociaciones y otras entidades;4;1;;;5;4;5;5;5;1;3;5;2;3;4;3;2;1;1;2;1;3;1;2;2;3;3;2;4;3;2;2;2;3;2;2;1;2;3;5;;3;;;4;3;5;5;3;1;2;5;3;2;5;2;4;2;2;3;2;2;1;0;1;0;1;0;13;0;0;1;0;0;0;0;0;0;0;0;0;1;1;0;0;0;0;0;0;3;2;1;2;3;3;;5;6;6;7;1;1;4;1;5;9;9;6;9;4;10;11;11;10;11;9;4;1;1;2;1;2;4;2;4;2;1;2;3;1;1;2;2;2;2;1;1;1
940;892;4;9;2;Partido Socialista Obrero Español;1;1;7;2014;0;0;0;0;0;0;0;0;0;0;1;;;;;;;;;;;0;0;0;0;0;0;1;Desarrollando mi carrera profesional;5;2;3;1;5;4;5;4;1;2;1;1;1;1;2;2;2;4;;;6;3;;;5;4;4;5;4;2;3;4;4;5;3;5;4;2;2;2;2;2;1;2;3;2;2;3;6;3;3;3;3;2;2;2;3;2;4;4;2;3;;;5;2;5;3;5;1;1;3;2;4;2;2;4;2;2;3;1;2;1;1;1;1;1;1;6;1;0;0;0;0;1;0;0;0;0;0;0;0;0;0;0;0;0;0;0;5;4;5;5;1;1;1;5;4;5;5;2;1;3;2;4;11;9;8;10;2;8;9;1;7;5;8;10;1;1;1;1;2;2;1;5;1;1;4;1;1;1;3;1;1;2;4;1;1
941;464;4;26;1;Moderaterna;1;1;6;2004;0;0;0;0;0;0;0;0;0;0;1;1;3;3;3;3;3;3;3;3;3;0;0;0;0;0;0;1;;2;2;3;1;3;4;4;2;3;2;1;1;4;3;3;3;1;4;1;;9;2;3;;4;3;2;3;1;2;2;4;5;3;4;2;3;2;2;1;1;4;1;2;2;1;1;1;2;1;2;2;2;3;3;2;2;2;2;2;2;2;2;;5;3;5;5;5;2;3;4;3;2;2;3;4;2;2;2;2;2;1;1;1;1;1;1;3;0;0;1;0;0;0;0;0;0;0;0;0;0;0;0;0;0;0;0;0;3;4;1;5;1;1;4;10;8;7;6;5;1;2;5;4;5;9;5;11;1;10;7;4;7;7;4;8;5;4;4;5;5;4;4;5;2;2;4;1;5;5;5;4;4;3;1;4;2
942;893;4;26;4;Miljöpartiet de gröna;2;1;10;2014;0;0;0;0;0;0;0;0;0;0;1;3;3;3;3;3;3;3;1;1;1;0;0;0;0;1;0;0;Lärare, Egen företagare, Scenkonstnär, Författare;5;1;2;1;4;4;5;4;3;3;1;5;3;4;3;3;1;4;;;1;1;;;5;3;4;3;1;5;5;5;5;1;1;1;5;2;2;2;2;2;1;2;4;3;3;3;3;3;4;4;2;2;4;3;2;4;4;4;5;3;;;4;1;3;5;1;1;1;4;4;4;2;3;4;2;5;4;2;2;1;1;1;1;1;1;8;0;0;0;0;0;0;0;0;0;0;0;0;0;1;0;0;0;0;0;0;3;4;2;;4;4;1;4;7;4;4;1;1;4;2;4;6;6;6;10;5;11;6;4;11;7;1;11;3;2;1;1;4;4;3;4;1;2;4;4;2;2;2;2;1;2;2;2;2
943;894;4;26;4;Miljöpartiet de gröna;1;1;6;2014;1;0;0;0;0;0;0;0;0;0;0;1;3;3;2;3;3;3;3;3;3;0;0;0;0;0;1;0;landshövding;4;;;;;4;5;3;3;;;2;2;3;;;;;;;11;3;;;5;3;5;4;3;3;4;5;5;5;5;4;4;1;1;1;1;1;1;2;3;1;2;2;1;1;3;2;1;3;2;2;2;2;2;2;4;2;;;3;2;5;4;1;1;1;5;3;2;2;3;5;2;4;3;2;2;1;1;1;1;1;1;9;0;0;0;0;0;0;0;0;1;0;0;0;0;0;0;0;0;0;0;0;5;5;1;5;2;1;1;6;5;4;3;2;1;4;2;5;6;6;5;11;3;6;6;3;6;6;3;2;3;2;1;1;2;4;2;4;1;3;2;3;2;2;4;2;4;2;1;2;3
944;895;4;26;4;Miljöpartiet de gröna;2;1;7;2014;1;0;0;0;1;1;0;0;0;0;0;3;3;3;3;3;2;3;3;3;2;;;;;;;;;;;;;;;;;;;;;;;;;;;;;;;;;;;;;;;;;;;;;;;;;;;;;;;;;;;;;;;;;;;;;;;;;;;;;;;;;;;;;;;;;;;;;;;;;;;;;;;;;;;;;;;;;;;;;;;;;;;;;;;;;;;;;;;;;;;;;;;;;;;;;;;;;;;;;;;;;;;;;;
945;896;4;26;2;Arbetarepartiet- Socialdemokraterna;2;1;6;2004;0;0;0;0;0;0;0;0;0;0;1;2;3;3;3;3;3;3;3;2;2;1;1;0;1;1;0;0;;2;4;4;3;4;3;5;4;4;4;1;4;4;4;4;1;1;5;;;7;1;;;5;4;5;5;4;4;5;5;4;5;;3;5;1;2;1;1;3;1;3;3;1;2;2;2;2;3;2;5;1;1;2;2;5;5;2;4;1;;;4;3;5;5;4;3;3;3;2;3;1;1;5;2;5;3;2;2;1;1;1;0;0;0;17;0;0;0;0;0;0;0;0;0;0;0;1;0;0;0;0;0;0;1;0;5;4;4;4;1;2;3;3;6;4;7;1;1;4;3;5;2;4;3;9;3;10;5;6;11;10;10;5;2;2;2;3;3;4;1;5;2;2;4;3;2;2;4;3;3;2;1;3;2
946;897;4;26;2;Arbetarepartiet- Socialdemokraterna;2;1;5;2014;0;0;0;0;0;0;0;0;0;0;1;1;3;3;3;3;3;3;1;3;3;0;0;0;0;0;0;0;Arbeta med en människorättsorganisation eller doktorera;4;4;4;4;4;4;5;2;3;3;1;1;4;4;3;4;1;5;;;6;3;;;5;3;3;3;2;1;1;4;5;5;5;5;5;2;2;2;2;2;3;2;2;2;3;3;2;2;4;4;2;4;3;;3;2;4;2;6;2;;;3;2;5;5;1;1;2;3;1;5;5;3;5;2;5;4;2;4;;;;;;;8;0;0;0;0;0;0;0;1;0;0;0;0;0;0;0;1;0;0;0;0;5;5;3;4;1;4;1;4;4;4;4;;;;;;8;6;5;8;4;7;7;3;6;6;3;6;1;1;1;2;3;3;3;5;3;2;2;2;1;2;3;4;2;4;1;;2
947;898;4;27;6;Sinn Fein;2;1;6;2012;1;1;0;0;0;0;0;0;0;0;0;1;3;3;3;3;3;3;3;3;3;0;0;0;0;1;0;0;;3;5;5;3;3;4;4;4;2;3;3;1;1;3;3;1;1;4;;;11;3;;;3;3;5;2;2;4;3;5;4;5;5;3;5;1;1;1;1;1;4;2;3;1;1;1;1;3;3;5;4;2;2;3;2;2;3;2;5;2;3;disability groups;4;3;3;5;3;1;3;3;3;3;4;4;4;3;3;2;2;2;1;0;0;0;1;1;17;0;0;0;0;0;0;0;0;0;0;0;0;0;0;0;0;1;0;0;0;1;5;1;5;1;5;3;4;4;4;4;1;1;3;2;4;5;5;5;6;1;11;11;11;11;11;11;3;2;2;2;2;4;4;4;3;3;2;4;5;1;1;2;1;1;1;1;2;1
948;321;4;27;12;United Kingdom Independence Party;1;1;7;1999;0;0;0;0;0;0;0;0;0;0;1;;;;;;;;;;;0;0;0;0;0;0;1;;4;4;4;3;4;3;4;3;2;2;2;2;2;3;2;3;1;3;;;7;2;0;Far too old -- time to retire;2;2;2;1;2;3;1;4;4;4;4;2;3;1;1;1;2;1;1;4;;1;2;3;3;3;5;3;4;4;4;5;3;2;3;2;3;3;;;4;1;1;5;1;1;2;2;;3;5;3;5;4;4;1;4;4;;;;;;;9;0;0;0;0;0;0;0;0;1;0;0;0;0;0;0;0;0;0;0;0;5;5;3;4;1;1;3;9;8;7;6;4;5;2;4;1;1;1;3;5;3;7;6;5;4;3;2;6;5;5;5;5;2;4;5;1;5;5;5;2;3;4;3;5;3;3;1;5;4
949;509;4;27;12;United Kingdom Independence Party;1;1;7;2009;0;0;0;0;0;0;0;0;0;0;1;;;;;;;;;;;0;0;0;0;0;0;1;;4;2;3;1;2;3;4;;1;1;4;5;1;3;1;1;;3;;Holding public meetings:     most important;11;3;;;2;1;1;1;1;5;1;1;5;4;5;3;3;1;2;2;1;2;5;3;3;;2;3;4;5;6;2;2;3;3;3;2;3;3;3;3;4;;Animal welfare-all sides   atleast once per month;4;5;2;5;2;1;2;4;3;2;5;1;5;3;5;1;5;5;0;0;0;0;0;1;13;0;0;0;0;0;0;0;0;0;0;0;0;1;0;0;0;0;0;0;0;5;5;5;4;1;5;5;9;7;6;7;4;4;1;4;1;1;1;1;2;5;8;11;7;10;9;11;6;5;5;5;5;2;4;5;5;1;5;5;4;1;4;4;1;1;1;1;4;4
950;899;4;27;12;United Kingdom Independence Party;2;1;7;2015;0;0;0;0;0;1;0;0;0;0;0;2;3;3;3;3;3;3;2;3;3;0;0;0;0;0;0;1;;1;3;4;1;3;4;3;4;1;4;1;1;1;1;1;1;1;4;;;11;2;0;"I will be over 65 and wish to spend more time with my family who I don't see much of at the moment ;-)";2;5;1;1;2;3;1;5;5;5;5;4;3;1;4;6;3;1;3;5;5;1;2;4;6;3;6;5;4;5;6;4;3;5;5;4;6;6;;;5;;;;;;;;;;;;;;;;;;;;;;;;;;;;;;;;;;;;;;;;;;;;;;;;;;;;;;;;;;;;;;;;;;;;;;;;;;;;;;;;;;;;;;;;;;;;;
951;900;4;27;12;United Kingdom Independence Party;2;3;7;2014;0;0;0;0;0;0;0;0;0;0;0;3;3;3;3;3;3;3;1;3;3;;;;;;;;;3;5;5;5;5;5;5;5;5;4;4;4;4;4;5;4;4;4;;;4;3;;;3;3;4;1;4;5;3;5;;5;5;3;3;1;2;2;1;1;2;2;2;1;2;1;3;;4;;3;3;5;3;4;2;1;2;4;5;;;4;4;4;4;3;1;3;3;3;3;3;2;3;2;3;2;3;;0;0;1;0;0;0;11;0;0;0;0;0;0;0;0;0;0;1;0;0;0;0;0;0;0;0;0;5;4;3;3;4;4;;6;6;6;6;2;2;1;4;1;1;1;1;1;;8;10;8;8;8;1;;5;5;5;5;;;;;;;4;5;1;1;;5;5;1;1;;4
952;901;4;27;12;United Kingdom Independence Party;1;2;5;2014;0;0;0;0;0;0;0;0;0;0;0;3;3;3;3;3;3;3;1;3;3;0;0;0;1;0;0;0;something outside of politics;3;2;5;3;2;2;5;5;3;5;1;1;5;3;3;2;1;3;;;8;1;;;1;5;4;1;2;5;1;5;5;5;3;2;5;1;2;6;1;3;2;5;5;1;2;3;6;5;6;2;2;3;4;2;2;2;2;2;3;1;;;4;2;4;5;2;1;3;5;4;5;5;2;5;4;4;1;3;3;1;1;1;1;1;1;4;0;0;0;1;1;0;0;0;0;0;0;0;0;0;0;0;0;0;0;0;4;3;4;4;4;4;;7;9;10;6;4;;2;3;2;1;1;1;3;1;9;8;8;9;8;2;10;5;5;5;5;1;3;5;1;4;5;5;4;1;3;4;3;4;1;1;4;4
953;902;4;27;12;United Kingdom Independence Party;1;1;6;2014;0;0;0;0;0;1;0;0;0;0;0;;;;;;;;;;;0;0;0;0;0;0;0;Working in the conflict resolution field;3;2;5;2;5;5;5;5;1;2;1;4;3;2;5;2;1;3;;;11;1;;;3;5;5;1;4;5;1;3;5;5;5;5;5;1;1;1;1;1;1;3;2;1;2;3;3;3;6;1;3;5;6;2;3;2;3;2;5;2;;;5;5;3;5;1;1;2;3;3;5;5;4;3;3;3;1;3;3;1;1;1;0;0;0;1;1;0;0;0;0;0;0;0;0;0;0;0;0;0;0;0;0;0;0;0;5;2;3;5;1;1;1;5;7;6;7;2;2;1;3;1;1;1;1;3;1;9;9;6;9;8;9;7;5;5;5;5;3;4;5;1;5;5;4;5;1;4;5;1;3;1;1;5;4
954;176;4;27;5;Conservative Party;1;1;6;1999;0;0;0;0;0;0;0;0;0;0;1;1;3;3;3;1;2;3;3;3;2;0;0;0;0;0;0;1;;2;4;4;4;4;3;4;3;3;4;2;3;3;2;2;2;1;3;;;11;1;;;5;5;4;4;3;4;1;4;4;5;4;3;4;1;1;2;1;1;1;2;3;1;4;3;3;3;5;4;4;4;5;5;5;5;5;5;5;2;;;4;2;5;5;1;1;2;3;3;2;3;3;4;2;;2;2;2;;;;;;;1;1;0;0;0;0;0;0;0;0;0;0;0;0;0;0;0;0;0;0;0;5;4;1;5;1;1;4;8;7;8;9;3;5;2;2;1;7;2;4;3;5;9;8;7;8;5;2;7;3;4;3;2;4;4;4;2;5;1;4;1;5;5;5;2;3;2;2;2;3
955;903;4;27;5;Conservative Party;1;1;1;2015;0;0;0;0;1;1;0;0;0;0;0;3;3;3;3;3;2;3;3;3;3;0;0;0;0;0;0;0;don't know yet;5;2;5;2;3;3;5;4;3;5;3;3;3;3;4;3;3;3;;;11;1;;;4;4;3;1;3;4;1;5;5;5;5;3;3;1;1;1;1;1;1;2;2;3;3;3;3;3;4;1;1;5;5;5;5;1;1;1;4;1;;;4;;;;;;;;;;;;;;;;;;;;;;;;;;;;;;;;;;;;;;;;;;;;;;;;;;;;;;;;;;;;;;;;;;;;;;;;;;;;;;;;;;;;;;;;;;;;;
956;334;4;27;5;Conservative Party;1;2;6;2004;0;0;0;0;0;0;0;0;0;0;1;1;3;3;3;3;3;3;3;3;3;0;0;0;0;0;0;0;Private industry but with a public engagement role.;5;5;4;3;4;4;4;3;4;3;1;1;3;4;4;1;;5;5;Asian media which has a big impact given the huge size of the audiences.;6;2;0;It is difficult for me to progress any further here as a British Conservative. I have achieved about as much as I can with two inter-parl delegation chairs and cttee positions.;5;5;5;3;2;5;4;5;3;4;4;1;5;1;1;1;1;4;1;2;2;1;6;2;1;2;4;1;1;1;1;1;1;1;1;1;1;1;;;5;2;5;5;1;1;2;5;4;2;5;1;5;2;4;4;1;1;0;1;1;0;1;0;16;0;0;0;0;0;0;0;0;0;0;0;0;0;0;0;1;0;0;0;0;5;1;5;5;5;1;5;7;9;9;10;2;2;4;1;5;9;3;3;2;4;9;7;3;6;7;6;9;5;3;;3;;;1;5;2;1;5;1;1;1;2;;;;;;2
957;904;4;27;5;Conservative Party;2;1;7;2009;0;0;0;0;0;0;0;0;0;0;1;1;3;3;3;3;2;3;3;3;3;0;0;0;0;0;0;0;Private sector;2;4;4;4;4;4;4;2;1;3;1;1;1;4;2;1;1;3;;;8;3;;;5;5;5;5;5;5;2;4;4;4;4;4;2;1;1;1;1;1;1;1;1;1;1;2;1;1;2;2;2;3;5;2;2;1;5;1;1;2;;;4;2;4;5;5;1;3;3;2;5;4;2;5;4;4;2;2;2;;;;;;;6;0;0;0;0;0;1;0;0;0;0;0;0;0;0;0;0;0;0;0;0;5;5;5;5;5;1;5;8;8;8;8;3;2;2;4;2;2;2;2;2;3;11;6;1;6;6;6;11;5;4;4;5;5;5;4;2;4;4;5;1;2;3;5;4;4;2;1;5;3
958;905;4;27;5;Conservative Party;2;1;7;2009;0;0;0;0;0;0;0;0;0;0;1;1;3;3;3;3;2;3;3;3;3;0;0;0;0;0;0;1;;5;3;3;5;2;2;3;1;1;1;1;1;1;3;2;3;1;3;;;10;1;;;5;4;3;3;2;2;2;3;4;4;3;1;5;1;2;1;1;1;1;1;3;1;3;2;2;1;3;2;1;3;4;2;2;1;3;1;3;2;;;4;1;2;5;5;5;4;5;3;4;4;3;4;4;3;3;3;3;0;1;0;1;0;0;8;0;0;0;0;0;0;0;1;0;0;0;0;0;0;0;0;0;0;0;0;5;5;4;4;1;1;5;7;7;8;5;2;1;2;2;3;6;3;3;8;5;9;3;1;5;5;4;9;4;3;2;3;2;3;2;1;4;3;4;2;3;4;2;3;4;2;2;4;2
959;906;4;27;5;Conservative Party;1;2;7;2009;0;0;0;0;0;0;0;0;0;0;1;1;3;3;2;1;1;3;1;3;3;1;0;1;1;1;0;0;;2;2;4;2;2;5;4;2;1;1;1;1;2;2;2;1;1;2;;;11;1;;;4;2;4;1;3;5;1;4;4;5;4;2;3;1;2;2;2;1;2;3;2;1;2;2;2;3;4;3;3;6;4;3;4;3;4;3;2;4;;;5;3;5;5;3;2;3;4;2;4;4;4;5;3;4;1;3;2;1;1;1;1;1;1;3;0;0;1;0;0;0;0;0;0;0;0;0;0;0;0;0;0;0;0;0;4;3;2;4;4;1;1;9;8;7;8;4;5;3;5;2;1;1;2;1;5;11;6;2;7;6;4;11;5;5;4;4;3;5;5;2;5;4;5;1;3;5;5;5;5;2;1;5;2
960;907;4;27;5;Conservative Party;2;1;12;2011;0;0;0;0;0;0;0;0;0;0;1;1;3;3;3;3;2;3;3;3;3;1;0;0;0;0;0;0;;5;4;4;4;4;3;4;4;1;3;1;;2;;1;1;1;3;;;11;1;;;5;4;5;3;2;4;1;5;3;5;4;4;3;1;2;3;2;1;5;3;2;1;2;3;2;4;5;4;4;4;4;4;3;3;5;3;4;4;;;4;3;5;5;1;3;3;3;3;4;4;4;4;3;4;1;2;4;;;;;;;7;0;0;0;0;0;0;1;0;0;0;0;0;0;0;0;0;0;0;0;0;4;4;4;4;1;1;1;7;7;7;7;;;;;;1;1;1;1;3;;;;;;;;5;3;3;3;3;3;3;2;4;2;3;1;3;3;3;2;2;1;1;5;2
961;908;4;27;5;Conservative Party;1;2;7;2014;0;0;0;0;0;0;0;0;0;0;1;1;3;3;3;3;3;3;3;3;2;1;0;1;0;0;0;0;;3;4;4;2;2;4;4;3;1;5;1;1;2;2;3;1;1;1;;;11;1;;;5;4;4;3;3;3;1;4;4;5;4;4;3;1;1;1;2;1;2;2;3;1;4;2;3;;4;2;3;6;6;3;3;2;2;1;3;3;2;Universities and other educational providers;4;2;5;5;1;1;2;4;3;1;3;4;2;2;2;1;3;2;1;1;1;0;0;0;15;0;0;0;0;0;0;0;0;0;0;0;1;0;0;1;0;0;0;0;0;5;2;5;3;2;2;1;9;8;7;9;4;5;3;4;1;1;3;3;4;4;10;5;2;7;3;4;7;5;5;4;4;5;4;4;2;4;4;5;2;3;;4;4;4;3;1;4;2
962;909;4;27;5;Conservative Party;1;1;7;2014;0;0;0;1;0;0;0;0;0;0;0;3;3;3;3;3;3;3;3;3;1;0;0;0;0;0;0;0;Undecided;4;4;4;3;4;3;4;3;4;3;3;2;4;3;4;3;2;3;;;4;1;;;;;;;;;;;;;;;;;;;;;;;;;;;;;;;;;;;;;;;;;;;;;;;;;;;;;;;;;;;;;;;;;;;;;;;;;;;;;;;;;;;;;;;;;;;;;;;;;;;;;;;;;;;;;;;;;;;;;;;;;;;;;;;;;;;;;;;;
963;910;4;27;4;Green Party;2;1;7;2014;0;0;0;0;0;0;0;0;0;0;1;1;3;3;3;3;3;3;3;3;3;;;;;;;;;;2;3;1;4;3;5;4;3;1;2;5;4;4;1;4;1;5;;;7;1;;;5;4;5;4;3;;3;3;5;4;4;4;3;1;1;1;1;1;1;2;3;1;1;1;6;5;6;5;1;3;4;6;2;2;4;2;2;2;;;4;2;5;5;5;1;;3;3;5;5;2;4;2;1;5;1;2;0;0;1;0;0;1;6;0;0;0;0;0;1;0;0;0;0;0;0;1;0;0;0;0;0;0;0;5;5;5;5;1;1;1;4;3;4;6;1;1;4;1;4;4;6;6;10;4;7;3;4;10;10;3;4;1;1;1;1;2;4;1;4;1;1;2;5;1;1;2;1;1;1;1;1;2
964;34;4;27;2;Labour Party;1;2;12;1996;0;0;0;0;1;0;0;0;0;0;0;3;3;3;3;1;1;3;3;3;1;0;0;0;0;0;0;1;;2;5;5;3;3;;5;3;4;3;1;4;4;5;2;5;1;5;;;;1;;;5;5;5;5;5;4;5;1;3;;5;3;3;1;1;2;1;1;1;2;2;1;2;1;3;2;2;3;2;3;3;2;2;2;3;2;3;3;;;4;2;5;5;1;1;3;2;2;3;;;5;1;2;4;1;1;1;1;1;1;1;1;18;0;0;0;0;0;0;0;0;0;0;0;0;0;1;0;0;0;1;0;0;5;5;5;5;3;3;1;4;4;5;4;1;1;3;2;4;10;8;7;9;;9;5;4;10;8;2;;2;2;1;1;4;2;2;4;2;2;3;4;1;3;4;3;1;4;1;1;1
965;911;4;27;2;Labour Party;1;1;7;2014;0;0;0;0;0;0;0;0;0;0;1;3;3;3;3;3;3;3;1;3;3;1;0;0;0;0;0;0;;4;4;3;2;4;4;3;2;1;5;2;2;2;4;4;2;2;3;;;11;1;;;5;4;4;4;3;4;4;4;3;5;5;4;5;1;1;2;2;1;1;2;3;1;4;3;5;3;2;2;1;4;2;2;4;3;5;5;5;2;;;4;3;5;5;5;3;2;4;3;4;4;4;4;2;2;2;1;2;1;1;1;1;1;1;8;0;0;0;0;0;0;0;1;0;0;0;0;0;0;0;0;0;0;0;0;4;4;3;5;3;5;1;4;3;4;4;2;1;3;2;5;10;7;5;8;5;9;8;6;10;10;3;7;1;1;1;2;3;3;1;5;2;1;4;3;2;4;3;1;1;1;1;1;1
966;912;4;27;2;Labour Party;2;2;5;2014;0;0;0;0;0;0;0;0;0;0;0;1;3;3;3;3;3;3;3;3;1;1;1;0;0;0;1;0;;4;4;5;4;4;5;4;5;1;3;1;5;1;5;5;3;4;5;;Contact with voters through intermediaries (e.g. trade unions, faith groups);11;1;;;5;5;5;4;5;5;4;4;4;5;5;4;5;1;2;5;3;1;2;1;2;1;3;1;3;2;3;2;1;3;1;3;5;2;2;3;4;2;;;4;3;5;5;1;1;1;2;3;1;2;4;4;1;2;3;2;2;0;1;1;0;0;1;9;0;0;0;0;0;0;0;0;1;0;1;0;0;0;0;0;0;0;0;0;5;5;5;5;1;5;1;4;5;6;4;1;1;3;1;4;6;5;4;7;4;11;9;5;9;7;2;11;1;1;2;1;4;4;2;5;2;1;2;2;1;1;2;1;1;1;1;1;1
967;913;4;27;2;Labour Party;1;1;7;2015;0;0;0;0;0;0;0;0;1;0;0;1;3;3;3;2;3;3;3;3;3;1;0;0;0;0;0;0;;3;;4;;4;4;4;4;;;4;4;;4;4;;4;4;;;6;1;;;;;;;;;;;;;;;;;;;;;;;;;;;;;;;;;;;;;;;;;;;;;;;;;;;;;;;;;;;;;;;;;;;;;;;;;;;;;;;;;;;;;;;;;;;;;;;;;;;;;;;;;;;;;;;;;;;;;;;;;;;;;;;;;;;;;;;;
968;914;4;27;2;Labour Party;2;1;6;2014;0;0;0;0;0;0;0;0;0;0;1;3;3;3;3;3;3;3;1;1;1;1;0;0;0;0;0;0;Either MEP or academic if the travelling gets too much;3;5;5;5;3;3;5;3;1;5;1;5;3;4;4;4;1;4;;;11;1;;;4;4;5;3;2;3;4;4;4;4;4;4;4;1;1;1;2;2;2;2;3;1;2;2;2;2;3;2;2;2;2;2;3;2;3;2;2;2;;;4;1;5;3;1;1;4;4;2;4;3;3;5;2;3;3;1;2;;;;;;;6;0;0;0;0;0;1;0;0;0;0;0;0;0;0;0;0;0;0;0;0;4;5;4;5;2;2;1;2;5;5;5;1;1;3;1;3;6;6;5;9;2;9;5;5;10;6;4;4;2;3;2;2;2;3;4;3;3;1;3;3;1;1;3;3;3;3;1;3;
969;915;4;27;8;Democratic Unionist Party;2;2;7;2009;0;0;0;0;0;0;0;0;0;0;1;1;3;3;3;3;3;3;3;3;3;1;0;0;0;0;0;0;;1;4;3;3;5;5;4;4;4;3;2;2;1;4;4;1;1;4;;;4;1;;;4;4;4;3;3;5;4;5;5;5;4;;4;1;1;2;1;2;1;2;2;2;3;3;3;4;;2;2;2;2;3;1;2;3;3;3;3;;;4;2;;1;1;1;2;2;3;;;;;;;1;2;2;0;0;0;0;1;0;13;0;0;0;0;0;0;0;0;0;0;0;0;1;1;0;0;0;0;0;0;5;5;5;5;;2;3;7;7;7;;2;4;2;2;4;1;1;2;;1;8;8;2;7;3;2;4;5;5;5;5;3;3;4;3;4;4;5;3;1;2;2;5;3;2;1;3;4
